idade,tempo_cliente_meses,valor_mensal,num_reclamacoes,churn
40,4,42.633176376593475,1,1
33,2,29.912452806877837,1,1
42,24,70.48074897431852,0,1
53,29,159.55047930395963,1,0
32,1,20.0,2,1
32,66,59.860739927650826,0,0
53,1,48.0332636470716,1,1
44,18,93.41688039268075,2,0
29,29,64.75152824821497,2,1
41,49,29.916929812091556,1,1
29,30,42.29872109636587,1,1
29,38,28.8808664283776,1,0
37,9,129.1282002012265,1,1
18,40,55.536991871716594,1,1
18,2,249.87293998447925,3,0
28,54,52.01183812638496,2,1
22,19,30.9779167109903,4,1
38,40,20.0,2,1
24,14,20.0,2,1
18,24,20.0,2,0
52,17,67.60630992706679,2,0
32,31,82.02138603652617,0,0
35,2,20.0,1,1
18,1,111.72390023382567,2,1
28,6,37.09755849371859,1,1
36,4,61.40150888887003,1,1
21,49,198.29910112372147,1,0
39,5,111.88498820924484,1,0
27,89,44.04339869004691,1,1
31,9,26.76369271751404,0,1
27,4,20.0,2,0
57,37,30.712733623467162,2,1
34,25,46.11304164130008,2,1
22,16,24.785439858502517,0,0
44,19,49.15577938363853,3,0
20,30,58.06026404415743,1,0
37,6,45.60946289204556,0,0
18,120,32.45965505768319,1,0
19,88,62.484825644325944,1,1
37,25,77.754196171583,4,0
43,5,22.82099026370653,1,0
37,27,168.80528717481596,0,0
33,1,50.45740394820815,2,1
31,1,55.42771272403908,1,0
18,7,96.21367877821852,1,0
26,14,65.79691185998196,1,0
29,48,117.0392451434421,1,0
47,31,68.69657421792536,1,1
39,32,33.449943593761205,3,0
18,13,72.90832428108355,1,0
38,10,21.867883074537772,0,1
30,11,59.551873997711695,0,1
26,105,53.16583588697723,1,1
42,1,46.22434069331024,3,1
47,48,49.26283736690016,0,0
46,20,20.0,0,1
24,13,35.199084502257456,2,0
31,31,58.8078836097389,0,0
38,16,62.04656264604246,0,0
46,49,23.99534581720879,1,1
29,55,150.2899266202878,0,0
32,13,27.304734755720343,1,0
21,7,118.57738203651786,1,0
20,21,76.84231688364153,0,0
44,58,32.55783844560704,2,1
51,5,225.93530880876978,1,0
34,23,21.01193342364863,1,0
47,23,113.90028115507812,3,1
39,31,121.56703687272429,0,0
27,3,31.92865341295862,0,0
39,30,166.32974605570334,3,1
53,57,44.69952111811397,1,0
34,4,68.78288183368318,3,1
53,6,67.2392712888727,2,0
18,85,49.03591588326729,4,1
44,4,104.44353793326685,2,1
36,46,103.00638498374472,4,1
31,16,20.0,1,0
36,6,155.0072971661721,1,1
18,49,20.0,3,0
32,14,124.7157270068325,2,0
39,17,134.47309064374397,0,1
52,10,22.810634572341247,0,1
28,21,39.3048754973102,1,1
25,4,22.54326304992377,2,1
28,11,45.97340953519587,1,0
45,83,42.673263332296244,3,1
38,7,101.87315141894356,3,0
28,25,155.7491962118544,0,0
41,9,166.75856513965897,0,0
36,35,34.82256439233991,2,1
46,3,46.18349582337349,4,1
26,84,20.0,1,0
31,14,28.654312253848722,0,1
30,6,118.14129300198701,1,0
18,1,198.83319533682922,1,1
38,4,20.338606999253233,2,1
38,17,33.98871618692436,1,0
35,9,53.45688250268399,2,1
32,42,68.31497030110097,0,0
18,13,28.568856303509925,2,0
29,6,76.64994099894957,4,1
30,23,37.37225268836438,3,1
25,29,53.970531427224955,0,0
33,4,84.52331372692738,2,1
39,4,54.879387127242026,2,1
57,1,38.50897332753246,1,0
37,31,50.01445966197469,0,0
38,26,50.87184528172731,2,0
34,15,40.60905925572176,2,1
18,44,44.38773310587888,0,0
34,39,196.1574663463094,1,1
35,21,85.51874214997838,3,0
64,48,43.103997644311214,2,1
32,5,95.35087641947982,0,1
38,2,41.80200931846757,0,1
34,7,139.56071088566375,2,1
20,1,73.38457427249045,1,1
48,18,50.10687803504667,1,1
44,66,78.11433139973128,3,1
44,1,20.0,2,1
24,3,22.166586110452176,0,0
51,14,21.00708989685938,0,1
18,65,61.21268723601195,2,1
42,9,218.33094316865305,0,0
61,16,325.39509371083545,3,1
23,1,90.96191306448864,1,1
28,3,81.50591383081336,1,1
36,103,20.0,3,1
28,80,35.36989236909082,1,0
18,1,29.071926936911037,0,0
35,72,33.22564180687209,4,0
22,24,47.726411512582054,1,0
40,48,37.424573639486134,3,1
23,14,20.0,1,0
53,17,99.31813719678259,3,1
25,16,23.14562040830226,1,1
31,26,66.11512173634813,0,1
44,3,286.9379917511939,1,0
20,1,26.16682342144711,2,1
37,8,20.0,1,0
50,29,43.432005467774765,0,0
18,5,131.7317565992674,1,0
37,26,261.5637300509465,1,0
38,84,20.416845592611374,2,1
44,2,81.23607148107888,3,1
20,26,37.628119674774446,5,1
19,14,50.1611747725951,3,1
41,48,452.8109355801743,2,0
38,4,20.0,3,1
38,28,66.88613721840947,2,1
39,43,79.3727045240271,2,0
26,69,130.1423771439373,1,0
37,27,59.05011692698978,1,0
38,16,69.85631094621648,1,0
26,23,39.9121642583269,4,1
57,48,67.71458232763489,3,1
40,20,41.48974049153676,1,0
20,1,89.77059859879094,1,1
42,64,40.622078782212526,3,0
23,28,73.82373667988873,1,0
44,27,53.33483855384311,1,0
48,5,134.4026574541275,1,0
25,25,52.39886973382611,1,0
46,12,20.0,0,1
39,25,149.83537637385166,3,1
44,2,26.454179456768518,1,1
57,25,32.36206582771884,0,0
32,120,33.9018967709034,2,0
25,1,163.94819184575206,1,0
24,90,20.0,2,1
25,12,500.0,1,0
34,49,127.08363935028325,2,1
39,36,65.27382615183116,0,0
38,20,52.25234653028152,2,1
44,32,68.61034052485304,1,0
35,50,82.83891531472841,2,0
52,12,91.48476619606538,3,1
31,9,85.1558896625283,1,0
67,26,58.65451445864802,2,0
42,39,46.624644988817764,1,0
24,34,48.37491397613194,3,1
22,38,46.715376686656924,1,1
40,13,135.23528015956498,1,0
32,40,87.78102646710221,1,1
43,3,20.0,1,1
40,18,92.2701439074809,0,1
34,1,63.80228187487468,1,1
24,9,53.787064144364194,1,1
18,10,40.01223320685877,1,1
29,12,134.19449139781582,1,1
45,28,116.51513394758352,3,0
37,11,29.420681097589163,0,0
20,14,75.61402861790938,1,0
37,6,25.09515030093165,2,0
39,11,20.0,0,0
24,6,33.06998985856772,2,0
36,1,108.84390350679526,1,0
35,22,117.03816009755865,3,1
21,26,82.30800228591131,1,1
39,23,97.52186697053166,4,0
41,14,82.51190860838675,0,0
47,11,32.681681554419875,2,0
47,47,77.13352691106775,1,1
18,17,103.57827635886878,1,0
23,15,99.82643857861527,6,1
41,1,141.33468033346125,2,1
41,10,96.22056206976553,1,0
41,11,72.32418382935262,2,1
70,12,128.52458264293264,5,1
41,20,53.45194321700509,1,1
48,18,26.963936257897487,3,0
46,22,47.92064572816174,1,0
42,34,30.086539653787717,1,1
31,40,31.81243910169981,0,0
44,30,48.63702457644751,3,1
25,74,28.964300754279456,3,1
32,1,42.67574714372297,2,1
29,5,20.0,1,0
35,1,64.75655726139208,1,1
62,25,54.650828809998906,2,1
18,54,28.3982946305876,0,1
43,6,92.51738147890178,0,0
18,62,115.59077015504796,2,0
29,1,20.0,2,1
48,65,29.660618133809677,2,0
35,10,29.508729067532848,0,0
22,2,25.74080611078483,0,0
26,15,106.01492367038146,1,0
43,7,46.75583631857583,2,0
26,8,44.18512203832304,0,0
37,8,20.0,1,1
35,38,90.77050737202826,1,0
27,18,20.258881380993223,3,0
60,8,57.27968963263618,0,1
42,22,68.16297646533623,0,1
18,30,162.15081787330044,1,0
37,7,20.0,2,1
27,12,20.0,1,0
45,3,63.24902015094422,4,0
25,4,230.53644095920927,2,0
33,27,147.1065394382191,0,0
41,4,64.56855529994837,1,0
45,17,36.843936199819574,3,1
20,29,104.13603542141753,2,1
30,2,25.057245826016025,1,0
29,20,79.92480182933087,0,0
27,7,81.80808908860529,0,0
56,79,127.50657424806674,3,1
39,15,496.5717730922556,3,0
19,39,74.73382297077765,0,0
46,19,36.336730872226916,2,1
60,1,53.49245148700165,0,0
47,24,20.0,4,1
18,72,31.319142595608856,0,0
29,22,39.353072357259265,1,1
50,41,35.899712304228316,2,0
26,51,61.67532288251797,0,0
40,6,28.277432662044866,1,0
44,5,133.86402338166616,0,1
23,22,54.60719507146388,3,0
34,12,54.19343323551834,3,1
18,43,42.0006135617461,1,1
22,55,61.8154014049362,2,1
31,10,105.64438671867588,0,0
20,6,27.283873883788676,1,1
54,36,32.249637689346116,3,1
18,7,42.82059493738254,3,0
29,41,20.0,0,0
36,13,28.349055451825595,0,0
52,26,37.30111806614761,1,0
18,2,109.89345929399369,2,1
48,23,67.35984461867588,0,1
35,14,63.74380029876881,1,1
23,21,107.84751914411387,2,1
40,4,48.91590353546163,0,0
37,32,74.61726240285905,0,1
27,47,50.270709814873584,0,0
35,5,67.51095489964774,2,1
30,2,34.25364813446212,2,1
36,1,20.0,2,1
42,24,49.037076254831675,1,0
54,22,170.4085022323047,4,0
20,18,114.545522659485,2,0
60,6,118.19289434883936,2,0
18,11,146.77555414928432,1,1
33,21,58.611215717686726,1,0
42,16,63.93408085539505,2,1
38,105,33.310693902724765,2,1
27,3,42.39971816561168,1,1
32,28,89.35497498669329,2,0
29,12,143.03760242793453,2,0
27,13,48.83479052543981,0,1
45,30,38.08606960536102,1,0
39,28,54.62121536531098,0,0
26,113,88.31989548345508,3,1
45,3,20.0,1,1
38,2,20.0,2,1
44,30,35.148098512008254,2,1
42,20,20.561698710267564,0,0
25,7,36.36067530502072,4,1
28,1,48.5102805190495,2,1
43,2,37.99297494553818,1,0
42,53,174.50860060744566,0,0
34,5,70.90888986767952,1,1
36,9,69.43419626240058,1,1
50,6,89.81623191223889,0,0
27,10,21.953652043059723,3,1
41,1,125.37251555025111,2,1
32,17,51.38717207416294,0,0
32,1,93.35267207046124,2,1
48,38,23.162027998374306,1,0
44,6,20.0,0,0
44,18,105.03690099024878,2,0
50,50,73.78294599900028,4,1
35,25,26.53219115978694,3,0
43,18,27.228644750188142,2,0
31,9,134.3364974919501,2,0
38,9,21.083072887604864,1,1
33,26,203.18936212863542,1,1
36,120,26.562578773788957,3,1
42,26,90.98671806063646,2,0
25,19,41.97630193514239,1,0
60,31,88.45995333078915,2,1
22,15,35.329163993896394,2,0
20,1,47.93115330412736,0,1
48,19,56.415014652453664,2,0
44,75,24.489636679114206,0,1
42,4,98.75672239359601,1,1
42,28,36.21339749184506,3,0
34,5,45.47306022902215,4,1
24,18,24.643680545862896,3,1
35,2,20.0,1,1
26,14,46.86062590571254,2,1
46,33,376.1892485169212,0,0
33,10,102.27685799596652,3,1
25,26,53.76333322319928,1,1
31,38,44.24256508387044,1,0
39,62,55.58829815400288,0,0
28,6,84.57978517517772,0,0
25,12,21.22860888694053,1,0
37,3,133.14747596264058,1,0
37,117,96.7669056797112,1,1
28,62,96.98424867913324,1,1
29,18,77.53896553064014,1,1
37,44,55.461735146903635,0,1
18,17,93.53063117315362,3,1
18,23,87.65873875720726,1,1
26,2,41.13121948164753,0,1
32,33,34.50549482629312,0,0
38,3,59.233368264252775,0,0
52,41,188.52226586200646,2,1
45,36,20.261333975611922,3,0
33,29,20.0,0,1
34,1,62.29048422709769,0,1
22,8,56.866713018440876,0,0
34,7,62.719558167642035,1,0
31,10,66.36451880563017,4,0
38,2,45.66984331084878,1,0
25,66,179.80820425335136,0,0
41,19,20.0,0,0
53,8,28.140290645197187,2,0
33,12,50.2693823954354,1,1
39,14,20.0,0,0
43,22,47.43291876907556,1,0
30,17,206.26796667707615,0,0
37,60,55.51810538113763,3,1
35,16,65.6646497134755,1,0
36,116,20.0,0,0
25,45,33.34510128506275,0,1
35,5,40.44095041541025,3,1
40,64,42.34405030636711,1,0
52,2,152.21820277399874,1,0
46,40,85.29815703514394,2,0
60,11,22.439743148649512,2,0
25,50,66.50012469318932,1,0
45,48,81.33507894208222,1,0
37,39,135.92717043850854,2,0
61,37,193.33656867432373,2,1
25,8,24.23807264118663,2,0
24,2,28.540210596952928,1,0
27,12,20.0,2,0
18,4,45.276317926663694,2,1
28,28,79.28799258281884,2,1
25,10,120.28544341272699,0,0
36,89,51.379495934062675,4,1
39,24,42.271875426975676,2,1
57,41,61.645879709922575,1,0
46,3,27.991074141579702,2,1
28,47,290.50796011810667,2,0
24,61,20.0,0,1
40,16,63.294121853020556,1,1
19,22,275.58193122123856,2,1
56,34,54.89596648775367,1,0
49,4,46.89770648411504,3,1
29,16,41.01933995689687,1,1
18,12,47.26105782444631,1,1
51,3,163.73983229641894,2,1
33,10,20.0,0,0
49,1,186.18614652672215,1,1
18,1,20.0,1,0
27,3,44.10963046982967,2,0
35,79,38.72961154912673,1,1
35,19,87.43036219034695,2,1
29,81,20.0,2,0
42,13,79.02293548018318,0,0
22,8,275.7370512207728,4,0
33,16,20.0,3,1
36,13,63.54605598396994,0,0
41,2,32.15005809764506,1,0
43,24,76.7620029873667,1,0
21,5,55.4409351171912,2,1
18,23,32.68154262302122,1,0
50,25,80.66443952368016,0,1
38,3,231.2451695702244,0,0
26,1,46.86527361833854,1,0
53,36,97.10630960969694,1,1
36,14,20.0,1,0
49,1,25.402583934258498,4,1
35,120,79.67254302030621,0,0
59,1,178.9833568146337,3,1
56,28,72.56557813536453,4,1
32,98,42.50210378723991,1,0
46,6,54.567208441583695,1,1
42,3,20.07898634703984,1,0
51,3,88.55397570579787,0,1
23,8,110.59406766032102,3,1
43,2,38.028190263563154,2,1
47,28,37.48595321208842,1,0
18,1,67.53882270459614,3,1
20,17,38.498689862432926,4,1
18,120,51.78465699068243,0,1
31,40,292.8842358138485,3,0
43,22,44.80767489654146,1,1
53,8,40.9899895011005,2,1
35,23,32.52361872814047,1,0
54,17,99.02314168378416,1,0
18,13,47.229592761906844,3,1
18,3,32.47600696099295,2,1
34,52,157.1252449436101,2,1
39,14,169.9802754596855,0,0
34,5,33.77298246209353,1,0
18,11,20.0,1,0
33,12,122.2430103744775,2,1
19,42,31.572804703052192,3,1
43,31,102.77071915544978,3,0
39,35,20.0,2,1
23,1,111.50594084919108,0,1
28,12,20.719234186047046,2,0
22,15,97.9651002408262,0,0
34,1,55.22514938178187,2,1
46,7,25.453377985983277,3,1
23,34,39.42384946950165,1,1
41,3,94.54300076615574,3,1
28,18,59.42503263894832,1,0
25,5,87.14125166082177,0,1
33,1,265.37726832611673,3,1
22,6,20.0,0,1
28,89,199.09260335433302,2,0
20,38,59.351936560541525,2,1
58,77,26.601637162111764,4,0
35,16,20.0,3,1
26,2,46.932184997719865,2,1
37,19,114.12793882785178,2,0
33,14,49.30180552967332,3,0
32,44,182.89714473400056,2,1
42,2,20.0,2,1
44,16,54.07266778927376,0,0
28,3,20.047114826480982,2,1
28,9,73.03257000509437,1,0
31,32,110.9977479178178,2,1
18,15,38.9933284088027,2,0
18,11,20.0,2,1
51,12,64.01763020883023,2,1
54,14,77.43128062444453,2,0
32,36,75.4474059796956,2,0
41,53,146.7346353088877,1,0
38,74,23.176922326130818,2,0
70,37,94.08257784707745,4,1
48,9,141.7416465464859,0,1
33,27,20.0,0,0
23,13,70.50766735655408,1,1
18,7,36.47605927801442,0,1
37,44,51.150990740136436,3,1
25,1,72.10628325088234,0,1
18,55,36.97408081707754,0,0
27,14,31.79895846798642,3,1
22,24,56.110442385751156,1,1
55,25,22.878629126340062,2,0
45,54,22.904648858806393,0,0
34,24,94.01916329804492,0,1
52,22,21.779404420284006,2,0
35,1,93.04190664331391,0,0
24,17,79.04940480535882,0,1
53,3,20.0,2,1
41,32,31.751763850163567,2,0
22,17,141.92340667105756,2,1
32,27,24.90497481017445,3,1
24,1,37.65540828028534,2,1
18,2,79.01586970238296,3,1
46,30,102.17759302757352,2,1
57,1,44.64618633141741,1,1
18,1,33.85178884673772,3,0
41,1,170.35694109505675,1,1
27,75,219.44897185805192,1,0
29,32,119.47252643446735,0,0
27,10,58.45484138802286,1,1
24,8,28.599448164361423,1,0
35,10,28.096484865341882,3,0
25,35,82.93119467741062,0,0
38,25,76.3034822909494,1,1
34,4,167.54950743284823,1,1
32,4,91.86867154602731,1,1
24,2,20.0,1,0
28,25,126.66655648267631,1,1
44,34,24.57062191426072,0,0
41,7,40.15805257053323,1,0
23,1,66.69701271261883,2,1
36,2,269.49072975779546,2,1
44,82,500.0,0,0
18,8,88.71051671742381,1,1
41,35,47.15512529231433,6,1
27,23,83.73060139858676,1,0
41,11,111.06596906739763,1,0
25,5,42.24415071292112,1,0
18,3,229.56106779845814,1,1
18,22,65.63155537510362,1,0
35,35,81.30393946412526,3,1
38,24,93.01301239985054,1,0
24,18,76.49835891352186,1,0
42,1,106.82077182685991,0,0
18,82,33.321320613184525,3,0
34,38,34.930437955939055,0,0
20,8,22.64358556081039,0,0
27,93,77.6026040907167,2,0
35,22,101.81416123185637,1,0
24,20,78.74527633991684,3,1
30,33,208.4280601977989,1,1
47,40,54.3542705217029,0,0
28,25,93.22289299050173,5,1
45,3,22.79723596687665,1,1
21,9,40.057672893373294,2,0
41,63,95.24287480887735,2,1
52,6,107.6926878955775,0,0
18,11,43.156215097789165,0,0
25,13,51.55868113488646,1,0
41,13,20.0,3,1
32,22,41.033000752637875,1,0
39,68,111.30860076536804,2,1
27,6,86.501695325565,0,1
36,3,81.49425908614565,2,0
33,5,56.81605531290485,0,1
49,52,54.90753161002464,1,0
38,24,32.19280847823622,0,1
39,8,95.49393486109986,1,0
30,40,76.46081256333615,1,1
29,47,80.93246798880519,0,0
29,44,35.84385436053088,1,0
39,60,20.0,1,0
29,6,131.33117275664355,1,0
38,33,37.223118570346074,2,1
59,14,27.37908467192469,1,1
45,44,95.08613162539038,3,1
31,31,39.9005412140088,1,0
49,35,127.4786764697576,0,0
30,25,89.4432870031674,2,1
18,4,94.33530016471275,3,1
22,18,20.0,2,1
18,100,143.96283677389934,1,1
30,66,67.28924553440733,1,1
35,1,40.632908342742546,2,0
55,4,61.234501083780195,2,1
38,3,20.0,2,1
32,31,75.71090830356681,2,0
44,40,23.962803968219248,2,1
18,5,20.0,6,1
37,16,20.0,0,1
44,44,132.97361166361682,2,1
18,31,33.002696988318796,2,0
48,18,186.22994394287608,0,0
39,21,35.56488695229915,2,0
30,17,20.0,1,0
42,8,22.348974761551982,1,0
62,19,146.7380898567217,4,1
37,28,48.19626158881999,3,1
37,49,35.21140947185419,1,1
29,24,62.05459615362584,0,0
24,34,81.56711586805902,0,0
44,4,133.47564846793526,0,1
24,14,173.95547643514107,2,1
35,1,40.94317310133203,2,1
29,6,20.0,5,1
40,31,39.22161002711313,1,0
39,115,67.23704800865063,0,0
47,2,25.25420960944926,1,0
28,12,25.388067192978685,2,0
31,38,71.88231768753342,1,1
23,5,52.51391167302977,3,0
29,19,56.0496326949657,2,1
39,31,29.76114644498728,1,1
44,22,45.40759712647051,3,0
23,4,26.065523035058902,0,0
45,10,111.29215035663871,0,0
51,36,124.98571712565176,1,0
39,19,20.0,4,1
57,1,25.955701899313894,2,1
25,34,20.0,0,0
20,1,32.45910055845731,1,0
18,32,51.07267529583174,1,0
52,5,20.0,2,0
42,76,26.115059741042327,3,1
34,11,24.454985531044095,3,1
38,9,64.4451106304041,3,1
21,3,57.71259706072708,1,0
64,8,30.64930409805577,1,0
36,50,62.894372840645744,1,0
36,120,35.25671234729032,0,1
43,11,43.933446608499956,2,1
40,14,208.2546630179136,1,0
37,30,159.55183303389512,3,0
25,52,20.0,2,0
40,21,106.03677143681233,1,0
57,11,104.49270324844973,1,0
51,12,21.78865385628438,2,1
54,28,105.11154451541192,0,0
28,1,186.85735807338403,3,1
23,23,22.24159434538036,1,0
33,10,26.206245053614104,0,1
35,37,123.23944538998624,0,0
48,2,67.84300247331892,1,0
18,21,84.87512173738266,0,0
53,15,71.69861086286973,2,1
33,24,74.63105718615758,1,1
29,1,20.0,0,1
22,20,126.19826036897412,0,1
18,19,139.16663024945709,1,1
44,19,45.44430020577881,0,0
35,22,52.731786871037734,2,0
19,27,20.0,1,0
19,39,82.38503487397934,2,1
30,7,86.28415291599201,1,0
55,41,51.94820613800583,0,0
31,16,134.22032792218255,1,1
18,1,41.793390926188486,6,1
32,1,85.77132478899652,2,1
31,9,24.149617200121476,1,1
18,36,53.579057813850696,2,0
34,29,47.489878003888826,3,1
32,37,65.38195726698926,1,1
43,17,40.62478941205941,3,1
57,13,49.14730060226581,0,1
48,3,105.72461450564246,2,0
31,9,38.4973192965852,0,0
21,13,20.0,3,1
65,2,221.33272744656003,2,1
35,5,164.87098565834194,4,0
35,21,20.0,1,1
34,31,94.79969995232985,3,1
37,120,36.51124091900227,0,0
33,64,67.40975714913776,2,1
28,24,69.0878790186167,1,0
28,13,45.2622684672974,1,0
34,24,29.16552810492311,0,0
28,36,31.423849981394525,1,1
26,3,26.233742599080095,0,0
36,12,28.065532819685657,0,1
31,43,51.74135515057066,2,1
53,11,30.79622164871279,0,0
18,20,94.22086487744593,0,0
48,21,179.4321109245768,3,1
49,4,34.32786472099021,2,1
18,10,66.12345998320394,1,1
30,9,81.43035281768047,4,0
30,1,79.64679657163693,2,1
18,1,58.01863281191878,3,0
25,42,98.90362930683635,2,1
21,7,80.30237219274086,1,1
56,17,20.284763995129655,2,1
46,8,109.43435278311895,3,0
50,67,111.03357908166885,2,1
43,7,29.64730171226313,1,1
21,13,56.28062111580471,2,0
28,49,94.31716459664104,2,0
40,44,46.18009884424704,1,0
20,4,128.8156661937588,1,1
43,38,361.80232375273005,0,0
32,14,29.113767547460238,1,0
30,15,20.0,0,0
43,3,69.62020844959636,2,1
40,2,97.24659841032083,2,1
30,31,45.3906846886133,2,1
48,16,174.6193619875604,0,0
22,13,20.0,2,1
42,31,95.04352061395937,2,0
42,34,33.62639565042178,3,0
31,4,216.0483715482519,3,1
38,22,268.8120086086561,3,0
19,3,29.56746879536951,2,0
46,33,35.17565736613412,2,1
32,25,108.5998807663886,0,0
28,75,40.0566811637093,2,0
47,1,52.65025204006122,2,0
26,1,55.718416879234155,2,1
18,7,20.0,0,0
18,7,53.997070933700165,0,0
42,6,31.444301700877872,2,1
19,56,36.80014340639436,1,1
56,6,173.27944888771285,2,0
18,7,20.0,2,1
55,34,104.64400377978377,4,0
37,14,43.67734976573565,0,1
33,35,43.6495016472034,1,0
28,1,102.74986267112311,0,1
39,16,71.66776290239918,0,0
34,1,86.18450436607867,0,0
48,1,118.45672789301908,1,0
36,56,41.88606916377102,2,1
36,3,33.455313145585535,0,1
30,18,22.917013418513104,1,1
34,12,28.209860389138154,3,1
38,10,500.0,1,0
18,55,147.7828053681984,3,1
18,1,20.0,3,0
43,26,20.0,2,1
37,79,80.27777831759968,1,1
32,19,84.58964316515045,1,1
35,66,84.69927722375513,1,0
39,1,44.52431146989185,1,0
28,13,49.38449912197239,0,1
25,7,70.97329072741816,2,1
37,31,58.48173042500807,1,1
23,95,20.0,3,1
39,7,45.429437387848225,2,0
18,25,27.62924608861279,2,1
47,5,62.81344451071258,0,1
40,19,500.0,2,0
38,14,73.25784435832306,1,0
46,85,42.48606972656748,3,1
54,22,114.14176193265453,2,1
47,10,80.33057513125267,0,1
18,2,76.40709759850428,4,1
19,3,88.71956807043074,2,1
27,6,282.9399974062452,3,1
35,6,22.093628233779043,0,1
41,45,79.75071135596328,1,0
26,19,26.020770800065893,2,0
37,17,85.14963470431198,2,0
25,2,26.181440733664587,1,1
27,47,39.09937761602587,1,0
18,30,43.11746211811324,1,0
23,1,119.18219533452255,2,1
18,29,113.8365394728244,3,1
23,18,20.154469976296937,3,1
47,2,57.051096083186096,1,0
23,14,30.94885849436942,1,0
66,15,20.0,1,1
40,4,45.89638517741368,3,1
37,69,42.65795476618523,3,1
24,45,380.4570104089693,2,0
43,26,77.19756077004024,1,1
28,14,20.0,0,0
36,12,34.75004255669852,1,1
65,25,123.60693308158422,1,0
33,18,290.25336625715227,1,1
48,1,20.0,2,0
26,17,20.0,3,1
34,39,243.90337439826948,3,1
56,14,74.56649979177976,1,1
27,1,27.25851132381397,2,1
56,37,83.73887021324548,1,0
43,5,20.0,2,0
28,7,54.74578641496427,0,1
42,4,70.96997769679935,1,1
46,9,114.36740438367757,0,0
42,33,24.261318194422085,1,0
18,17,58.47210068563116,1,0
26,5,26.040689595514312,1,0
32,50,66.97416878571866,0,1
34,50,26.67489716598626,2,0
42,49,39.39028958409454,1,0
37,6,24.614794981476425,3,1
18,14,91.91911388797273,0,0
39,100,108.50116316364752,1,0
42,35,45.25456477366742,4,1
41,1,56.29413726957515,1,0
47,1,20.0,0,0
45,14,42.959537383175444,1,1
40,57,52.448739721590776,1,0
34,18,444.3597458752363,2,1
18,16,22.430606310127523,2,1
40,2,176.1510368597716,3,1
37,25,121.20544747307454,3,1
38,41,68.34094835426531,2,1
19,11,222.93859779978834,1,0
22,35,73.52933028279217,3,1
47,80,74.53936361621658,1,0
34,5,52.326528396531884,1,0
43,17,145.30792420368667,1,0
35,8,131.2593828173419,1,0
35,37,33.09751387359303,1,0
46,20,20.0,0,0
28,24,46.414666148854366,3,1
36,38,28.788302702699553,3,1
29,12,51.89281494944792,3,1
29,59,146.92915146105014,2,0
31,18,37.86997856622472,1,1
37,4,52.75936514810137,1,1
29,28,57.19223788387953,1,1
50,37,107.63487429507468,2,0
24,9,20.0,0,1
32,46,33.6038204437279,0,1
29,56,64.65251161114523,2,1
52,7,142.6028031387512,0,1
37,98,36.83608892721792,4,0
47,3,20.0,0,0
18,5,89.63708745011172,0,1
38,4,32.842062559795224,1,0
45,53,21.078776321588084,1,0
35,25,33.132798672833594,4,1
47,3,47.10502644356215,1,0
28,13,33.65643490837516,1,0
51,22,20.0,2,0
62,2,111.90529771666709,1,1
30,51,151.39616842025688,5,1
29,39,91.94748446826625,3,0
52,16,21.97381382346885,4,0
53,81,46.4699920882554,2,0
28,12,54.31405036107883,1,0
29,99,88.14961238817011,1,1
31,26,93.19297944160326,2,0
18,24,30.34588613820269,1,0
23,4,58.29967070937755,2,1
22,51,78.71425923437874,2,0
25,13,174.9775811000753,1,1
34,4,95.92870236653698,1,1
37,1,102.6418095173795,1,1
53,19,58.38513398297483,3,0
23,17,168.74139167628783,1,0
46,30,75.7781685087365,2,0
32,53,27.416079158025006,3,1
34,1,167.7871104459313,1,1
43,31,95.42328421666366,0,0
21,4,38.30440042144708,3,1
39,46,37.2036035451415,2,1
36,41,69.21796481693201,1,0
40,18,79.08694652713318,2,0
38,29,63.932881883998135,0,1
64,9,70.03862942422965,0,1
27,15,212.71769258046172,0,0
28,41,128.66788141326703,2,1
27,14,63.593322520118925,0,0
28,10,115.93717674493138,2,1
27,16,23.902447921301786,1,1
49,42,75.06404180838511,1,0
52,9,232.1642463962804,3,0
28,4,45.858624507544064,1,1
25,29,27.71275723311664,1,1
40,41,32.405523579782276,0,0
28,2,22.834979984882985,4,1
42,6,29.142292613556783,0,1
37,3,40.59291407195012,4,1
18,10,20.0,1,1
53,14,55.28461539273239,2,1
56,33,112.3727801928677,1,0
27,25,26.411382060195095,1,0
30,23,184.0904363775679,1,1
38,10,82.15713309339806,1,1
39,44,124.51976626694473,1,0
42,15,32.25691235674725,1,1
59,92,108.16092686580168,0,0
32,24,22.792986515819013,3,1
25,3,111.29652108212348,1,0
18,27,62.6442233407062,0,0
26,9,84.99572626473208,3,1
34,27,21.31741438623646,1,1
56,1,26.680797880833214,2,0
28,4,88.03923563514725,1,1
37,46,25.567489336376013,2,0
34,6,79.08830663384143,1,0
49,43,20.0,2,1
65,7,107.61277528918951,4,1
28,24,20.368332130854974,0,0
29,28,84.9310669272315,1,0
47,17,90.06257863874204,0,1
43,8,31.267603990106423,0,1
57,5,86.97504632548709,2,1
42,1,67.24574940877096,0,1
30,8,35.47848708006269,1,0
42,25,24.365208965943523,0,0
48,66,20.0,0,0
44,49,72.22021824847957,3,1
41,34,20.0,3,0
47,37,58.92558399270934,1,0
49,26,44.22284130166895,3,1
51,7,94.00182719733046,1,1
42,57,42.87820266439085,5,1
32,26,41.948462057674426,1,0
36,19,98.0518640255092,3,1
49,2,71.38204900696131,1,1
25,14,70.31075439766377,2,1
39,14,79.47274016447446,1,0
30,47,20.0,2,0
35,18,100.02607920018168,0,1
50,11,89.1192210083282,2,0
37,90,24.207282003614463,1,0
35,2,44.91337439295233,1,1
18,13,52.9079795634474,2,1
43,1,49.02853975220812,1,0
42,32,71.31366565744672,2,0
60,60,171.58751456557772,0,0
31,7,129.72455334260542,0,0
37,46,20.0,2,1
37,8,89.8063775473686,1,0
53,57,158.08718041414787,1,0
33,33,74.39932108169396,4,0
38,39,130.68428028648694,2,1
42,1,273.09408146304156,1,0
37,79,123.83717982926169,1,0
29,31,66.649455464304,1,0
37,8,125.9734007198779,2,1
47,42,61.30799548410513,1,1
22,7,55.65224590716036,3,1
36,49,41.21773444481002,0,1
26,2,190.70556365054895,0,0
49,29,28.367867178910803,4,1
18,18,186.02743814504447,2,0
28,2,81.44201535465653,2,0
39,6,20.0,1,1
53,1,73.26766904151053,3,1
34,15,20.0,3,1
28,8,90.0537229099053,2,1
57,21,110.85080370186901,0,0
18,8,33.99166119206597,0,1
18,8,60.270222352683724,0,0
40,32,260.688431970705,1,0
28,1,36.430365233345135,0,0
22,55,23.403227269518904,2,1
43,45,178.6325177199367,0,0
37,26,262.4524052934464,4,0
28,21,54.75981036962606,0,1
19,53,122.62984506356167,0,0
45,4,159.68142432984484,0,0
42,1,30.144805325060368,2,1
33,6,37.03099748240463,0,0
57,37,146.15966360642912,2,1
22,1,210.1899031854404,1,0
18,20,85.65303749144479,2,0
26,120,27.00841589358227,1,1
34,46,267.64163138985504,2,0
37,17,35.70259166291173,3,1
32,1,41.75794677343536,0,1
39,42,71.79897983964129,3,0
19,21,189.29910619500353,3,1
52,2,108.11341134996024,2,1
34,2,76.0881396299355,1,0
48,57,79.09351005753712,1,0
39,26,56.53227618260879,3,0
40,42,85.32876435087508,2,0
41,50,20.0,1,1
40,20,43.06514773486615,2,1
42,17,66.22496773355151,0,0
50,13,21.740757682885416,0,1
37,9,74.37044767409388,3,1
43,13,46.359351184265805,1,0
33,35,222.37842741810178,2,1
52,22,192.17679971513547,1,1
26,53,37.613218509021,1,0
56,14,48.39177352316471,1,0
34,22,51.46191129384067,4,1
18,23,38.04130028249268,0,0
36,21,63.81702391128028,1,0
26,29,29.76622450622723,3,1
45,6,22.098455783883423,0,0
27,17,89.8524588589189,1,1
29,2,90.34391516305587,1,0
18,11,28.68996448979881,0,0
29,16,111.75224743985709,3,1
18,25,32.94165006911407,0,0
18,72,66.85540750678587,2,1
44,22,105.24334183537485,0,1
44,32,53.14956648108623,2,1
40,16,78.55450615088226,1,1
23,24,36.12034517669194,3,1
34,1,46.6571756000394,3,1
34,7,46.30789455459265,2,1
21,10,30.046233822715,3,1
53,15,47.39803013515397,2,0
45,1,20.0,1,1
32,3,36.85815889062744,0,1
35,7,43.471241534125085,2,1
37,85,44.48073606385989,0,0
18,9,45.006280347199706,1,0
32,15,51.965947074471345,0,0
26,5,80.12221964888528,0,1
22,22,109.90470358947016,4,1
31,7,32.46581918542582,2,1
56,5,20.851779987180173,0,1
42,17,23.721088679905435,3,1
28,1,36.97483932353415,0,1
41,1,41.20101721547921,1,0
