idade,ingresso_mensal,score_credito,qtd_emprestimos,percent_utilizacao_limite,percent_pagamentos_em_dia,atrasos_6m,default
28,8504.55,580,1,59.6,0.989,0,0
33,6191.1,647,1,27.1,0.912,1,0
27,9171.39,651,2,27.8,1.0,0,0
31,14207.35,687,1,37.6,0.931,1,0
18,5901.27,540,4,56.3,0.82,1,0
37,5901.32,697,0,44.5,0.935,2,0
35,14612.12,433,3,7.7,1.0,0,0
26,9737.28,599,3,36.8,0.904,1,0
41,5246.22,610,1,52.3,0.979,0,0
44,8701.76,700,2,74.8,0.901,0,0
18,5262.13,651,1,40.9,0.928,0,0
27,5256.05,537,0,16.5,0.892,1,0
27,7487.43,571,0,84.5,0.798,0,0
25,2548.75,665,1,26.4,0.937,0,0
43,2800.47,643,1,51.8,0.778,4,0
33,5008.32,603,0,77.2,0.869,1,0
32,3998.14,611,2,42.8,1.0,0,0
18,7763.0,705,1,66.1,0.893,1,0
41,4213.24,608,0,66.2,0.808,1,0
22,3274.26,642,0,53.9,0.924,1,0
35,13805.53,823,0,86.7,0.845,1,0
37,5926.04,536,4,71.3,0.911,1,0
48,6862.07,501,2,55.0,0.782,0,0
21,3253.95,712,3,82.3,0.978,0,0
18,5053.36,595,1,69.0,0.912,0,0
36,7012.58,624,2,48.4,0.8,0,0
53,3731.27,587,3,47.5,0.936,1,0
47,8005.22,629,3,35.7,1.0,0,0
37,4913.2,777,0,79.7,0.82,1,0
30,5733.91,714,0,51.1,0.976,0,0
43,4910.58,718,3,63.3,0.942,0,0
25,16749.76,536,0,14.8,0.94,0,0
39,6589.62,557,2,70.1,0.99,0,0
40,3909.42,422,2,59.6,0.872,2,0
45,10009.33,585,2,15.8,0.915,1,0
62,3603.2,726,3,69.4,0.91,1,0
38,7364.54,691,1,50.2,0.814,0,0
29,2490.32,632,3,56.6,0.946,0,0
34,3414.91,648,0,30.7,0.864,1,0
18,7320.48,594,0,54.3,1.0,0,0
28,9597.26,666,3,9.2,0.849,2,0
30,7227.76,711,0,21.0,0.768,1,0
29,6261.51,520,1,85.1,1.0,0,0
36,5707.0,673,1,37.3,0.826,2,0
26,3167.63,724,1,36.8,0.779,2,0
46,4628.92,616,3,65.9,0.939,0,0
35,5269.45,706,1,58.6,1.0,0,0
34,11254.93,875,2,60.4,0.974,1,0
31,7877.84,641,0,91.7,0.843,3,0
36,2747.59,681,2,57.4,0.913,1,0
43,7801.27,590,1,39.1,0.871,1,0
26,5472.33,664,0,10.5,1.0,0,0
28,4729.33,686,1,24.5,0.856,0,0
31,9007.73,665,2,54.1,0.91,0,0
21,11108.88,568,1,14.5,0.917,0,0
26,10568.57,666,1,62.0,0.784,0,0
30,4360.71,766,1,14.5,0.881,0,0
43,5683.91,685,2,42.1,0.882,0,0
37,7829.33,726,2,59.4,1.0,0,0
36,10805.09,631,0,89.2,0.92,1,0
43,5220.84,709,1,52.6,0.862,0,0
33,6046.11,672,1,45.4,0.885,0,0
38,3815.52,573,1,70.8,0.893,1,0
33,3647.86,675,2,14.4,0.896,1,0
37,9959.31,570,1,59.0,0.993,0,0
29,13070.59,599,2,74.7,0.998,1,0
18,6399.63,665,1,68.4,0.801,3,0
33,10957.36,673,1,34.0,1.0,0,0
49,7949.13,554,3,38.9,0.975,0,0
44,4805.13,734,1,57.2,0.895,1,0
44,7948.18,695,0,71.2,0.753,1,0
47,14314.36,593,3,62.2,0.921,1,1
35,6516.46,526,1,40.1,0.865,1,0
36,14506.06,638,1,55.6,0.955,1,0
28,1790.28,614,2,51.9,0.965,0,0
31,10006.11,659,1,44.6,1.0,0,0
41,6929.37,620,2,71.2,0.794,1,0
47,5712.98,489,2,51.4,1.0,0,0
33,6945.72,618,0,55.1,0.99,0,0
30,2455.82,625,1,62.0,0.971,1,0
35,5944.16,700,1,54.0,1.0,0,0
41,7931.17,594,0,69.0,0.932,1,0
20,13890.31,784,0,25.6,1.0,0,0
18,5119.77,497,2,32.9,0.917,1,0
29,4428.22,754,0,73.8,0.984,0,0
22,5162.22,632,2,55.3,1.0,0,0
29,10485.0,718,0,56.7,1.0,0,0
33,7819.5,656,0,55.5,0.749,2,0
30,5090.44,741,0,71.8,0.859,0,0
49,8575.24,619,0,46.2,1.0,0,0
38,6964.21,562,1,33.8,0.95,0,0
38,10767.88,763,1,27.0,0.895,0,0
41,4670.28,640,3,40.6,0.951,0,0
23,5631.71,667,1,24.0,0.79,1,0
45,5453.13,748,4,53.7,0.979,0,0
34,3191.49,567,1,38.9,0.937,0,0
41,7692.95,697,0,55.6,0.909,1,0
24,7559.25,602,1,50.5,0.882,0,0
19,6651.23,639,1,66.1,0.923,0,0
43,5899.99,655,2,58.3,0.873,0,0
38,3269.25,529,2,57.6,0.868,0,0
25,5375.88,587,1,52.2,1.0,0,0
26,5589.49,758,3,56.2,0.741,0,0
46,4442.01,720,1,62.2,0.743,1,0
23,6120.24,644,0,53.1,0.978,0,0
51,8119.51,669,1,93.5,0.778,1,0
25,17036.15,626,2,86.9,0.7,1,0
41,7239.37,758,1,88.6,1.0,0,0
31,7546.02,633,1,43.2,1.0,0,0
41,6391.84,668,0,62.5,0.769,2,0
29,2541.77,741,0,26.0,0.72,1,0
33,6546.87,587,0,92.5,0.778,0,0
35,6837.07,774,0,44.0,0.83,1,0
24,22734.09,527,1,79.9,1.0,0,0
42,6025.88,780,1,41.2,0.857,0,0
29,7713.86,620,1,44.4,0.983,0,0
32,6520.09,630,0,55.1,0.972,0,0
25,3698.42,498,1,64.4,1.0,0,0
18,11747.68,613,4,85.9,0.837,1,0
33,9662.1,566,2,73.4,0.899,1,0
59,9852.85,601,0,67.3,0.878,1,0
42,4210.37,639,2,83.3,0.954,0,0
34,13378.41,726,0,26.2,1.0,0,0
32,3291.42,666,1,40.4,1.0,0,0
35,8896.64,674,1,79.3,0.861,1,0
40,19835.49,562,1,21.4,0.914,1,0
23,4042.96,579,2,38.0,0.987,0,1
46,4998.29,793,3,42.4,0.961,0,0
42,6973.17,591,2,49.5,1.0,0,0
42,5157.78,782,0,68.2,0.889,0,0
39,3055.41,630,1,45.9,0.86,2,0
35,6865.62,650,0,67.5,1.0,0,0
41,3900.45,735,1,73.8,0.93,0,0
40,8406.8,751,2,20.3,0.954,1,0
31,4189.3,641,2,50.3,0.893,0,0
29,14399.77,618,0,25.7,0.993,0,0
36,4484.46,645,0,75.3,0.813,2,0
50,5647.51,677,1,21.6,0.854,1,0
22,9964.25,721,0,36.4,0.635,2,0
20,3585.19,650,0,75.8,0.837,2,0
36,7433.34,699,2,59.9,0.993,0,0
35,12753.63,781,0,48.3,0.905,0,0
36,2969.83,680,0,62.7,0.808,1,0
37,7275.86,674,2,28.7,1.0,0,0
32,7554.82,528,2,37.9,0.914,2,0
49,9807.59,439,3,30.1,1.0,0,0
18,3574.3,681,1,60.5,0.986,0,0
26,3428.14,642,2,30.6,0.919,0,0
33,8612.51,608,1,77.6,1.0,0,0
18,7696.28,669,2,94.0,0.863,1,0
33,7519.44,645,1,33.8,0.791,0,0
51,7889.0,740,3,52.7,1.0,0,0
35,4722.0,656,1,60.0,0.96,0,0
37,7451.17,590,1,61.8,1.0,0,0
22,7681.24,729,4,51.1,0.988,0,0
28,4641.65,632,0,50.7,1.0,0,0
31,16863.17,692,2,74.5,0.849,3,0
31,8407.81,611,2,65.3,0.881,1,0
47,3656.82,598,1,82.8,0.88,1,0
40,9212.13,656,4,74.2,0.881,0,0
23,4075.14,651,2,50.5,0.743,3,0
37,9833.42,688,4,26.0,0.916,1,0
39,11840.7,628,0,39.0,0.979,0,0
46,4401.32,503,1,59.3,0.832,3,0
50,10739.55,615,3,24.2,0.809,0,0
24,8155.03,713,3,46.9,0.886,0,0
26,10006.9,626,1,90.2,0.978,0,0
22,17126.74,630,0,96.5,0.792,2,0
32,5868.22,728,1,60.4,1.0,0,0
39,4551.13,593,2,13.6,0.77,1,0
44,4252.42,526,2,76.7,0.843,1,0
34,4412.05,637,2,13.3,1.0,0,0
31,6383.36,611,1,56.4,0.997,0,0
36,7868.13,572,1,58.8,0.988,0,0
26,7618.58,635,3,65.6,0.831,0,0
55,10032.57,689,3,85.0,0.85,1,0
18,6677.51,649,2,16.4,0.814,3,0
36,13722.16,674,3,53.7,0.868,2,0
55,5811.95,795,2,27.7,0.938,1,0
35,25850.48,622,2,59.7,0.814,2,0
33,9070.96,672,1,19.0,0.725,1,0
31,4321.77,609,0,19.4,1.0,0,0
33,3883.74,582,1,56.2,0.882,2,0
48,8444.21,603,2,6.8,0.975,1,0
18,5932.9,611,3,89.5,0.869,1,0
50,9480.57,678,2,58.4,0.954,0,0
20,8405.31,837,1,51.9,1.0,0,0
32,6397.01,592,1,34.3,0.786,0,0
30,4344.23,616,0,47.1,0.822,3,0
40,3110.62,644,0,43.7,0.81,1,0
19,5306.79,681,3,79.7,1.0,0,0
39,10180.19,671,1,34.7,0.898,0,0
55,7383.82,752,2,18.4,0.989,0,0
21,3558.63,455,2,29.8,0.636,0,0
36,7234.31,459,1,53.4,0.937,0,0
28,8043.81,610,1,38.2,0.864,1,0
39,4264.46,737,2,25.0,1.0,0,0
35,7164.28,524,2,19.3,0.966,0,0
28,6830.17,409,1,46.2,0.858,1,0
39,3746.27,695,2,34.5,1.0,0,0
53,7933.85,669,1,32.0,1.0,0,0
33,8781.41,562,0,62.6,1.0,0,0
42,11401.79,571,0,25.7,0.976,0,0
22,11236.26,572,0,60.4,0.872,0,0
25,3331.46,658,4,71.5,0.923,1,0
39,4150.93,599,3,50.3,0.858,1,0
49,8582.82,689,3,15.3,0.922,1,0
38,8577.46,421,0,42.6,0.841,2,0
31,8582.87,581,2,48.6,0.883,0,0
34,45540.88,559,2,56.5,1.0,0,0
22,8825.89,629,2,17.3,0.931,1,0
41,11705.13,606,3,70.3,0.857,1,0
43,10689.33,713,2,83.8,0.79,1,0
30,9188.39,501,1,17.4,0.89,0,0
30,5666.72,653,1,24.0,0.975,0,0
37,9696.15,694,0,36.4,0.914,0,0
30,4507.9,798,1,20.5,0.895,0,0
34,5893.41,611,1,12.2,0.943,1,0
55,5204.7,675,1,69.6,0.939,0,0
32,6911.47,505,0,17.1,0.971,0,0
31,21106.35,458,0,81.8,0.973,1,0
28,2608.07,717,2,17.8,0.891,0,0
42,9349.99,649,3,66.5,0.886,1,0
33,2962.07,744,1,6.9,0.9,1,0
28,5239.78,540,2,43.8,0.956,0,0
48,11435.47,691,1,77.6,1.0,0,0
49,6850.93,799,2,35.9,0.866,3,0
28,3870.46,683,1,19.2,0.884,3,0
18,4639.44,672,2,17.2,0.819,0,0
45,9318.89,650,1,27.5,0.75,0,0
28,4604.63,524,1,87.6,0.776,1,0
42,7392.56,758,2,92.3,0.8,1,0
18,6787.15,601,2,28.6,0.833,1,0
43,4789.59,690,2,32.2,0.946,0,0
22,19379.52,524,1,33.3,0.793,3,0
42,9108.47,555,1,52.2,0.902,0,0
35,2410.11,764,0,65.5,0.984,0,0
25,7282.48,622,2,92.1,0.817,0,0
30,4765.26,766,3,36.9,0.851,0,0
41,10160.03,643,1,66.7,0.768,1,0
36,4463.73,502,1,46.1,0.805,0,0
40,6264.36,721,0,53.6,1.0,0,0
54,8539.81,602,0,26.7,0.95,1,0
19,10227.93,705,0,43.6,1.0,0,0
51,3640.41,652,0,64.7,0.826,1,0
36,5612.49,526,0,62.6,1.0,0,0
26,5231.89,663,2,64.6,0.827,0,0
21,4785.45,825,2,63.4,0.85,1,0
33,16038.18,689,2,43.3,1.0,0,0
44,8123.29,645,1,69.4,0.816,1,0
33,3531.78,736,1,31.1,1.0,0,0
50,10497.9,666,1,51.0,0.897,2,0
20,19169.54,666,1,43.3,0.792,2,0
34,11117.02,562,0,49.9,0.757,1,0
22,3103.59,668,2,51.0,0.911,1,0
38,5207.64,732,1,24.1,0.788,1,0
43,12499.65,583,0,46.4,0.87,1,0
30,4657.18,763,0,57.6,0.71,2,0
18,8282.58,642,1,22.2,0.935,0,0
36,9772.4,578,0,48.9,0.746,2,0
39,4173.6,729,1,75.6,0.894,0,0
39,6439.7,627,1,56.4,0.762,1,0
47,1312.08,710,2,26.8,1.0,0,0
24,3975.1,626,1,26.2,0.689,3,0
41,5847.19,645,1,51.3,0.872,1,0
46,3554.99,689,0,95.4,0.956,0,0
18,15006.0,673,2,37.9,0.936,0,0
38,3245.19,490,1,35.9,0.775,1,0
29,5323.99,560,2,50.2,0.726,4,0
34,7082.42,724,2,43.0,0.978,0,0
38,13638.29,639,0,40.0,0.888,0,0
30,3235.92,608,3,29.0,0.793,1,0
28,11867.77,541,0,40.7,0.982,0,0
35,6668.28,563,2,84.2,0.844,1,0
24,4061.25,488,1,53.5,0.834,1,0
24,8358.65,641,1,14.3,0.813,0,0
41,7328.53,602,5,60.1,0.824,0,0
23,4914.24,572,2,91.3,0.82,1,0
41,6869.87,644,2,78.5,0.933,0,0
39,5471.69,679,1,43.8,1.0,0,0
18,7021.69,817,0,18.2,0.76,2,0
28,9237.86,529,1,76.1,0.866,0,0
46,14661.91,742,1,69.3,0.884,2,0
25,3572.75,727,2,2.7,0.946,0,0
30,19274.08,587,2,68.4,0.999,0,0
39,2499.78,666,0,24.9,0.884,1,0
42,6149.39,613,3,21.5,0.836,0,0
32,8903.13,664,1,38.9,0.958,1,0
29,7634.98,770,0,53.9,0.736,0,0
49,4859.3,698,3,29.7,0.686,2,0
52,5978.58,690,2,79.9,1.0,0,0
44,5184.87,615,0,60.4,0.819,1,0
35,4940.97,531,0,25.9,0.859,0,0
26,10145.66,633,3,73.6,0.954,0,0
26,7930.79,746,0,63.5,0.935,0,0
40,4691.68,527,4,43.4,0.989,0,0
39,10402.48,565,2,42.5,0.994,0,0
49,7736.08,660,1,74.4,0.756,2,0
41,9960.98,571,0,35.7,1.0,0,0
19,9088.95,586,0,86.8,0.951,0,0
45,4383.06,616,0,39.6,0.938,0,0
25,5013.6,540,1,46.9,0.942,0,0
31,9639.71,572,2,51.1,0.677,2,0
37,9001.85,706,0,37.0,0.879,0,0
54,6565.27,545,2,26.0,0.803,2,0
66,7035.08,522,4,10.2,0.789,2,0
41,12567.04,599,1,63.3,0.851,0,0
33,4935.52,708,1,68.3,0.983,0,0
40,8721.52,634,1,86.7,0.929,0,0
43,5996.33,612,4,81.1,0.944,0,0
31,5950.08,653,3,26.8,0.855,0,0
52,11491.79,510,2,38.7,0.938,0,0
37,10023.71,689,3,44.5,0.88,1,0
39,9964.21,680,4,41.4,0.995,0,0
41,12743.03,617,3,59.5,0.97,0,0
39,6704.28,730,2,77.2,0.916,2,0
43,9329.87,559,1,25.9,0.82,1,0
28,5680.91,740,1,7.2,0.927,0,0
29,7801.59,662,0,75.3,0.924,0,0
23,6216.29,623,1,66.1,0.912,1,0
39,6963.92,648,1,25.4,0.852,3,0
42,8933.63,641,2,33.1,0.835,1,0
39,4406.74,747,2,10.9,0.932,2,0
51,18886.33,563,0,67.8,0.814,1,0
34,4011.78,588,1,55.0,0.875,0,0
41,3615.21,732,2,74.8,0.959,0,0
24,11837.83,602,0,79.6,0.944,0,0
31,9855.96,722,1,46.7,0.784,1,0
41,9063.95,785,1,20.2,0.93,1,0
43,9083.12,617,0,13.8,1.0,0,0
32,6593.74,704,2,21.4,0.968,0,0
34,4235.99,557,2,34.6,0.873,1,0
19,6890.52,710,1,41.0,1.0,0,0
31,4728.76,665,1,33.5,1.0,0,0
43,10802.79,687,5,77.3,0.986,0,0
40,6163.94,598,4,60.0,0.727,2,0
40,4390.73,517,2,83.8,0.962,0,0
35,5649.41,690,0,49.5,1.0,0,0
35,8155.65,484,1,54.1,0.694,3,0
28,5004.72,624,1,86.1,0.994,0,0
41,4397.93,725,2,85.5,0.88,4,0
39,7493.89,665,0,6.1,1.0,0,0
39,7498.69,805,0,26.6,0.893,0,0
29,5148.85,732,3,9.5,0.934,0,0
18,5242.12,597,1,55.7,0.936,0,0
45,7450.41,652,1,73.3,0.971,0,1
30,3216.21,646,0,38.7,0.945,1,0
26,3282.2,523,1,71.9,0.81,2,0
41,4632.16,574,2,40.0,0.874,2,0
31,5962.69,605,0,26.7,0.899,0,0
45,7750.04,487,1,45.5,1.0,0,0
41,13872.7,653,2,17.6,0.948,0,0
41,10186.61,630,1,82.1,0.834,0,0
21,6124.37,516,2,88.5,0.808,2,0
47,6571.46,682,0,72.0,0.965,0,0
37,4018.79,707,2,69.5,0.853,1,0
31,6573.12,668,3,67.9,0.975,0,0
36,5742.62,624,2,40.4,0.894,1,0
18,7795.95,697,3,68.4,1.0,0,0
39,4386.93,704,3,34.0,0.826,2,0
24,8601.34,674,3,44.6,1.0,0,0
21,14276.49,584,2,67.3,0.998,0,0
19,6283.11,672,1,44.7,0.856,1,0
46,8110.02,745,0,50.6,0.812,1,0
28,9368.16,602,0,38.7,1.0,0,0
50,5428.35,817,1,71.7,0.81,2,0
29,7420.83,607,0,55.9,0.931,1,0
18,6676.15,652,2,73.9,0.935,0,0
23,6966.29,596,3,22.5,0.901,1,0
47,4507.49,667,2,33.4,0.978,0,0
33,6716.05,510,2,64.2,0.807,0,0
29,8510.02,606,1,78.1,1.0,0,0
36,13705.76,562,0,41.1,0.818,0,0
40,10717.52,660,1,83.1,0.886,0,0
46,19469.24,729,2,23.7,0.756,0,0
49,4520.27,701,3,48.9,1.0,0,0
31,10261.56,460,1,76.6,1.0,0,0
21,7271.16,813,1,83.1,1.0,0,0
30,19829.01,673,1,52.0,1.0,0,0
37,4428.65,587,1,13.0,0.863,1,0
25,4359.62,662,2,40.9,0.9,0,0
25,4916.26,664,0,33.5,0.868,1,0
38,2294.0,596,3,53.1,0.779,1,0
34,5100.65,665,2,53.4,0.87,2,0
35,4538.87,601,2,39.4,0.991,0,0
27,7152.35,617,1,69.8,0.813,1,0
32,7870.51,595,2,70.6,0.672,3,0
25,16951.06,535,3,65.4,0.775,3,0
43,10670.22,661,1,58.2,0.982,0,0
45,4971.85,696,3,44.7,0.728,2,0
18,4233.54,691,0,42.6,0.853,0,0
25,8484.19,715,3,40.6,0.862,1,0
20,3428.52,675,3,50.1,0.926,0,0
28,16576.3,607,2,37.6,0.923,1,0
34,11964.75,717,1,68.9,0.94,0,0
20,5247.0,541,1,59.1,0.885,1,0
25,2817.01,577,2,39.6,0.806,1,0
24,13055.13,572,1,24.7,0.99,1,0
37,6264.98,736,3,15.9,0.724,2,0
35,12319.12,725,4,39.7,0.978,0,0
27,2989.28,688,3,39.9,1.0,0,0
36,4916.3,735,1,79.9,1.0,0,0
29,6651.66,579,1,30.4,0.825,2,0
32,6791.93,677,1,34.4,0.844,1,0
51,5297.38,639,1,11.3,0.905,1,0
48,9058.19,717,1,59.5,0.898,0,0
22,3890.1,640,1,33.6,0.983,0,0
43,6178.37,619,1,59.2,0.952,0,0
43,7045.52,693,1,49.1,0.865,2,0
23,8580.26,720,4,65.9,0.89,1,0
43,9469.27,596,0,75.2,0.993,0,0
50,3780.75,645,3,36.4,0.773,1,0
23,3080.79,565,1,59.2,0.877,0,0
25,12567.11,450,2,42.2,0.955,0,0
45,7833.44,666,2,82.3,0.793,2,0
37,4563.1,698,1,63.9,0.546,2,0
40,14408.53,670,1,30.3,1.0,0,0
38,7029.26,494,3,52.3,0.898,0,0
38,11963.89,621,1,43.0,0.774,3,0
21,6862.03,472,1,87.7,0.992,0,0
45,18589.9,759,1,19.8,0.879,0,0
46,15957.28,563,0,61.5,0.797,1,0
32,5857.73,750,0,65.3,0.937,0,0
34,10783.64,725,1,74.4,0.905,1,0
19,9160.79,577,2,9.8,0.839,2,0
40,13151.82,559,1,74.6,0.823,0,0
40,4095.07,678,2,54.3,0.797,2,0
34,9349.01,582,1,22.8,0.974,0,0
46,11262.26,658,0,31.6,0.775,4,0
31,2753.51,611,1,57.1,0.82,0,0
40,3671.56,507,3,53.7,0.91,0,0
24,2393.19,471,2,51.8,1.0,0,0
34,5798.16,668,1,67.9,0.913,0,0
33,9497.38,605,2,62.5,0.959,0,0
37,14061.26,605,0,82.1,0.91,1,0
31,6884.63,705,1,49.2,0.991,0,0
33,14977.55,743,0,77.9,1.0,0,0
43,3327.41,628,1,27.6,0.856,1,0
30,2830.78,622,1,29.5,0.901,1,0
18,6452.52,690,2,33.1,0.917,1,0
52,8038.78,541,0,78.5,0.953,0,0
48,6526.67,667,2,25.2,0.913,1,0
22,2359.67,694,0,42.0,0.846,0,0
41,6345.11,704,2,3.1,0.899,0,0
29,3455.65,495,1,45.5,1.0,0,0
37,9272.76,589,1,42.3,0.931,0,0
37,7968.88,579,1,7.1,0.709,3,0
32,4146.67,657,1,66.5,0.861,0,0
27,5131.05,688,0,64.9,0.901,0,0
28,3906.48,769,1,47.8,0.886,0,0
25,6429.55,610,2,16.3,0.893,0,0
26,10695.42,610,0,61.2,0.929,1,0
34,4052.69,741,1,57.0,0.951,0,0
27,8535.79,673,1,51.9,0.926,1,0
41,5089.18,751,1,71.1,0.995,0,0
49,4462.94,673,0,35.2,0.75,3,0
29,6288.54,557,0,44.2,0.875,3,0
37,3953.59,543,0,61.4,0.943,0,1
39,5030.0,525,2,61.0,0.926,1,0
39,3644.82,702,0,48.4,0.835,1,0
35,17718.46,745,3,72.9,0.847,2,0
42,6752.25,797,3,15.1,0.816,2,1
39,4675.71,717,1,4.1,0.998,1,0
22,7383.4,743,1,40.1,0.715,2,0
43,6271.91,603,2,25.2,0.772,2,0
43,5940.3,557,2,62.8,0.942,0,0
27,9018.95,718,3,36.3,0.954,0,0
35,9689.07,683,3,53.1,0.742,1,0
41,5088.56,658,2,37.1,0.963,1,0
32,4974.55,680,3,70.7,0.918,0,0
45,5781.82,675,0,38.8,0.952,0,0
58,2098.63,752,1,47.4,0.907,0,0
27,3110.08,753,0,77.7,0.943,0,0
21,13140.27,693,1,63.2,0.946,1,0
38,15100.51,717,1,35.3,0.947,1,0
42,5857.52,691,2,55.2,0.924,0,0
32,8850.94,613,0,44.8,0.891,0,0
49,7751.37,710,2,61.8,0.892,0,0
21,30928.72,538,1,97.0,0.923,0,0
41,11611.92,734,2,27.5,0.983,0,0
28,6223.21,554,0,20.1,1.0,0,0
52,4114.32,672,0,35.2,0.953,0,0
54,2971.37,582,0,36.1,0.938,0,0
27,7344.68,694,1,38.8,1.0,0,0
29,4545.19,647,1,78.4,0.94,0,0
43,3258.01,522,2,67.0,0.794,1,0
31,4801.64,683,1,11.1,0.827,0,0
34,3863.1,603,1,33.2,1.0,0,1
35,15422.32,720,3,16.7,0.829,1,0
18,10309.49,650,2,62.1,0.957,0,0
34,6607.85,681,1,84.9,0.801,1,1
28,13904.56,573,1,6.4,1.0,0,0
30,6895.91,602,2,25.0,0.854,1,0
49,4312.87,613,0,77.1,0.908,1,0
22,14208.02,718,2,89.3,0.877,0,0
43,8685.89,784,1,13.5,0.95,0,0
32,3949.63,585,2,71.8,0.917,1,0
32,6031.98,736,2,37.4,0.991,0,0
42,4282.07,476,1,31.0,0.966,1,0
38,3322.92,554,2,69.1,0.928,0,0
40,10541.64,573,0,18.2,0.965,0,0
44,17235.19,541,2,22.4,0.97,1,0
31,3296.83,523,0,50.1,0.86,1,0
28,8791.01,683,1,54.3,0.853,0,0
24,4791.88,632,2,87.0,1.0,0,0
26,5200.12,680,4,35.2,0.971,1,0
64,4933.5,705,1,26.2,0.94,0,0
47,4307.03,671,0,37.2,0.82,0,0
21,6797.16,702,0,36.1,0.721,1,0
21,4378.78,644,2,72.9,0.871,2,0
39,7594.87,555,3,51.9,0.855,2,0
40,6469.67,734,1,20.9,0.869,1,0
40,5887.14,602,0,61.1,0.985,0,0
32,4214.21,575,1,22.9,1.0,0,0
33,4972.18,635,0,63.5,1.0,0,0
38,9678.82,576,2,7.4,0.839,2,0
35,8522.45,616,1,79.3,0.954,0,0
18,4069.28,677,1,26.3,0.851,1,0
32,6972.06,677,2,73.3,0.716,2,0
26,9659.47,578,1,70.4,0.892,0,0
36,2879.29,610,3,28.1,1.0,0,0
64,8705.24,735,2,59.9,0.867,1,0
38,4763.26,689,1,68.3,0.983,0,0
31,8824.61,816,3,41.5,0.833,0,0
44,4529.52,744,0,78.4,0.969,0,0
39,2690.71,741,2,44.4,0.876,1,0
39,2940.19,538,2,17.0,1.0,0,0
41,6795.68,711,0,28.3,0.869,0,0
55,7554.22,645,0,38.6,0.846,3,0
23,4221.06,605,2,24.1,1.0,0,0
39,9129.77,663,3,17.1,0.842,2,0
25,2890.66,725,2,32.9,0.921,0,0
40,6418.63,690,2,62.5,0.843,0,0
25,3620.95,579,0,59.8,0.992,0,0
30,4789.02,709,1,31.5,1.0,0,0
32,6793.35,598,1,21.7,0.833,3,0
44,4314.74,667,0,32.1,0.955,0,0
44,5473.77,625,1,53.4,0.964,0,0
22,10972.49,632,0,20.6,0.913,0,0
35,4971.88,711,2,42.3,1.0,0,0
27,10075.34,566,2,50.0,1.0,0,0
22,3771.19,805,2,53.9,0.815,0,0
32,8646.43,504,0,50.2,1.0,0,0
31,13640.31,602,2,82.9,0.951,1,0
59,1927.88,679,1,82.5,0.924,0,0
39,4453.98,696,0,96.6,0.877,0,0
21,8853.22,641,1,22.0,0.752,0,0
29,5993.78,645,0,21.5,0.928,2,0
45,7987.02,682,4,51.6,0.931,0,0
55,4904.99,631,3,23.8,1.0,0,0
19,6927.78,761,5,54.4,0.833,1,0
18,6137.43,717,0,37.4,0.739,0,0
53,11895.21,719,2,12.1,0.782,1,0
38,7534.22,572,2,65.3,1.0,0,0
26,7854.18,643,0,83.8,0.855,1,0
40,5399.5,625,2,41.0,1.0,0,0
18,5198.87,569,2,51.6,0.901,1,0
35,5343.95,678,0,53.1,0.803,0,0
38,8080.64,606,2,55.4,1.0,0,0
44,5374.97,702,0,77.3,1.0,0,0
24,7668.59,564,3,59.7,0.882,1,0
35,18726.6,787,2,98.4,1.0,0,0
25,10255.43,578,1,65.1,0.912,0,0
37,5636.33,667,3,18.9,0.944,1,0
26,12095.72,713,2,44.3,1.0,0,0
30,5409.77,604,1,28.0,0.748,5,0
25,2394.52,718,1,75.9,0.864,0,0
41,4007.64,551,1,29.7,0.903,0,0
43,2603.48,766,1,47.6,0.933,0,0
32,5564.95,651,3,33.4,0.775,2,0
35,6695.62,602,2,61.1,0.992,0,0
20,15339.99,626,2,38.3,0.785,0,0
32,7812.37,714,2,72.6,0.775,0,0
34,5945.86,603,0,62.5,0.875,1,0
61,10043.72,590,1,80.6,1.0,0,0
23,2196.09,632,0,68.2,1.0,0,0
49,7463.71,555,2,44.2,0.949,1,0
44,9754.0,795,2,61.5,0.876,1,0
37,3167.53,604,3,25.5,0.916,0,0
52,11753.16,716,0,61.0,0.933,2,0
38,7857.69,666,3,57.4,1.0,0,0
38,5390.3,571,1,40.4,0.778,0,0
34,9103.29,649,0,7.6,1.0,0,0
47,20647.44,712,1,80.2,0.757,0,0
45,7265.8,634,1,81.5,0.852,1,0
28,7510.9,745,0,88.9,0.9,0,0
21,5272.81,731,1,34.4,0.941,0,0
32,4337.61,723,4,55.6,0.9,1,0
26,10048.39,613,1,74.7,0.918,0,0
34,4324.09,563,1,78.6,0.904,1,0
47,6875.94,600,2,82.0,0.748,2,0
30,5224.8,665,1,14.9,0.958,0,0
34,8429.48,693,0,46.6,0.981,0,0
35,7838.72,476,1,34.6,1.0,0,0
43,11145.26,649,0,68.0,1.0,0,0
18,5140.94,662,1,18.8,0.941,1,0
28,5796.81,627,1,31.9,1.0,0,0
37,4066.83,753,2,77.1,0.902,0,0
47,5312.69,683,1,35.4,0.755,0,0
30,8011.64,754,1,48.9,0.996,0,0
18,9686.56,632,2,15.3,0.974,0,0
41,4183.56,724,2,41.8,0.9,1,0
28,10247.64,780,2,56.0,0.894,2,0
23,13066.66,754,2,60.3,0.948,0,0
28,8157.7,562,0,23.8,0.866,2,0
33,16956.35,629,2,52.8,0.944,0,0
28,4505.73,622,1,55.9,0.808,3,0
18,3560.56,689,2,42.5,0.819,0,0
43,2726.13,704,3,33.4,0.768,3,0
47,14016.94,582,1,21.3,1.0,0,0
41,9202.06,655,2,62.4,0.907,2,0
23,6452.4,488,0,57.6,1.0,0,0
32,7631.08,765,0,75.4,0.79,1,0
34,3779.15,609,4,32.6,0.882,1,0
40,22536.15,654,1,67.9,0.955,0,0
41,7077.04,625,1,14.3,1.0,0,0
27,7007.23,741,0,24.8,0.84,3,0
35,9536.51,422,3,69.9,0.86,1,0
39,8438.03,648,2,37.5,0.821,2,0
49,7420.06,641,2,63.0,0.888,0,0
42,4468.3,613,1,90.9,0.798,1,0
42,8397.88,788,2,84.6,0.756,1,0
35,17000.74,579,0,31.8,0.926,1,0
49,13000.07,711,2,46.3,0.967,0,0
39,14714.57,678,2,93.0,0.786,2,0
26,5137.86,750,2,27.0,0.833,0,0
49,4044.84,596,2,75.4,0.89,0,0
41,6229.84,591,2,47.1,1.0,0,0
30,6821.69,737,2,91.0,0.617,2,0
30,11465.48,684,0,44.2,0.944,0,0
37,2846.28,526,1,39.1,0.968,0,0
39,14253.75,606,1,81.2,0.829,2,0
36,6130.28,680,3,75.6,0.865,0,0
38,5359.14,717,1,47.6,0.933,1,0
51,3999.59,595,5,36.4,0.897,0,0
45,2900.31,416,3,83.5,1.0,0,0
36,10012.46,691,3,42.5,0.91,0,0
44,6881.96,552,2,62.7,0.986,0,0
24,3480.81,488,1,24.0,0.945,0,0
38,3471.91,423,3,31.3,0.969,0,0
53,5608.89,715,2,61.1,0.822,0,0
32,15283.22,660,0,29.0,0.92,1,0
26,5826.69,631,3,16.2,0.893,0,0
28,3128.87,761,1,50.6,0.828,1,0
24,5867.17,700,1,94.7,0.993,0,0
27,5788.56,779,2,30.4,0.698,2,0
31,1722.54,538,1,73.4,1.0,0,0
20,6456.56,647,0,70.9,0.678,3,0
35,5910.78,520,3,36.8,0.885,2,0
44,9396.6,631,3,28.3,0.994,0,0
25,16721.96,630,3,25.4,0.781,0,0
50,11652.58,700,1,43.1,0.942,1,0
40,5799.67,653,2,66.9,0.932,0,0
45,3815.16,699,0,21.7,0.933,0,0
28,24020.91,706,1,78.9,0.865,0,0
43,6833.62,822,1,53.4,0.853,1,0
24,6680.61,624,1,40.0,0.743,3,0
43,6554.7,574,1,45.3,0.89,1,0
36,7324.96,669,0,41.5,0.992,1,0
40,6172.26,585,4,65.5,0.854,0,0
23,4979.92,768,3,43.6,0.859,0,0
26,5047.11,627,3,87.6,1.0,0,0
40,6526.48,604,5,68.4,0.884,2,0
25,5055.78,612,3,44.0,0.935,0,0
39,4645.14,707,3,47.2,0.954,0,0
21,6996.85,637,2,34.1,0.884,0,0
43,5840.15,598,1,50.3,0.968,0,0
22,14072.76,783,1,23.7,0.999,0,0
40,1762.55,581,2,54.8,0.99,0,0
41,11450.1,652,0,43.0,1.0,0,0
28,12370.16,702,2,55.8,0.692,2,0
40,2352.67,519,4,35.9,0.783,2,0
37,5589.56,688,2,68.7,0.849,0,0
29,5509.78,565,3,90.4,0.82,0,0
24,3282.12,715,0,51.2,0.828,1,0
18,4496.67,572,0,59.3,0.989,0,0
38,3807.44,705,2,31.3,0.911,0,0
19,15932.8,738,3,44.7,0.886,2,0
35,10591.84,718,2,42.8,0.877,1,0
32,12528.7,670,0,74.8,0.86,0,0
41,9517.01,631,1,48.4,0.876,0,0
31,3772.43,603,1,14.1,1.0,0,0
31,5103.8,767,2,33.9,0.724,1,0
42,8473.4,594,1,95.9,1.0,0,0
38,3600.89,567,1,69.2,1.0,0,0
38,9475.83,703,2,10.4,1.0,0,0
39,5883.09,586,2,70.8,0.801,3,0
19,5500.47,573,1,32.6,0.851,0,1
42,9466.17,534,0,73.1,1.0,0,0
41,8284.42,611,1,70.3,0.875,1,0
24,5538.71,643,2,42.1,0.849,1,0
32,11845.04,669,2,80.1,0.89,1,0
34,3864.04,726,1,50.3,0.788,3,0
33,9026.93,692,0,41.5,0.887,1,0
38,8924.46,634,3,56.5,0.779,1,0
49,5682.96,634,4,55.0,0.972,0,0
45,7809.27,690,0,72.9,0.816,1,0
21,3549.08,751,2,38.1,0.905,1,0
41,10530.31,660,6,25.9,0.856,2,0
48,6048.4,612,1,83.4,0.938,2,0
38,5108.38,570,3,69.5,0.982,0,0
45,11209.36,534,1,52.6,0.929,0,0
55,4664.93,703,0,33.5,0.83,0,0
45,3280.56,696,1,57.6,0.844,0,0
37,3046.31,696,2,46.4,1.0,0,0
45,8982.24,639,1,62.8,0.995,0,0
36,3497.44,762,2,26.3,0.88,0,0
35,15952.92,611,1,62.4,0.843,0,0
31,2342.64,726,3,59.9,0.756,2,0
50,15494.31,646,2,50.3,1.0,0,0
26,7372.47,601,2,42.4,0.829,1,0
50,6321.07,697,3,39.9,1.0,0,0
39,5052.0,682,0,29.5,0.983,0,0
21,8099.58,678,2,75.7,1.0,0,0
38,6510.57,656,2,66.5,0.976,0,0
18,11517.82,646,2,55.8,0.879,2,0
41,7024.18,841,5,78.6,0.902,0,0
43,7152.03,744,2,55.7,0.902,0,0
29,5531.39,707,0,48.4,0.873,0,0
36,6448.01,658,2,45.4,0.738,0,0
54,7738.02,730,4,56.0,0.684,2,0
29,2821.19,691,0,78.0,0.976,0,0
24,3380.93,652,1,40.9,0.882,0,0
49,9620.31,625,3,58.4,0.996,0,0
54,7225.94,643,1,38.4,0.862,0,0
35,6051.18,396,0,44.0,0.9,0,0
45,6695.67,666,1,22.6,0.993,0,0
48,7893.47,610,1,18.7,1.0,0,0
27,5065.05,777,2,51.6,0.868,1,0
30,4495.57,651,0,53.9,0.8,0,0
47,7316.76,554,1,38.9,1.0,0,0
51,4067.62,646,1,66.5,0.871,2,0
40,8136.59,566,2,41.7,0.851,0,0
26,2831.91,687,4,53.7,0.86,2,0
54,11098.64,673,2,27.4,0.828,1,0
29,8402.62,726,0,52.7,0.977,1,0
31,7540.28,586,2,78.1,0.766,1,0
38,10843.76,652,1,49.1,0.91,0,0
50,15256.14,540,1,33.0,0.925,1,0
43,11016.89,706,0,42.4,0.84,3,0
39,2642.72,691,1,33.2,1.0,0,0
39,3498.93,689,1,51.0,0.99,0,0
35,4854.16,650,1,28.7,0.855,1,0
40,6721.36,683,2,42.6,0.889,1,0
18,8594.09,778,1,66.2,0.989,0,0
32,4615.28,627,1,40.7,0.908,1,0
37,7283.62,661,3,35.9,1.0,0,0
23,4547.39,563,2,54.4,0.957,0,0
38,4886.55,580,1,82.5,0.925,0,0
32,3283.51,657,4,78.5,0.924,0,0
52,4181.32,738,1,28.9,1.0,0,0
50,3375.02,629,1,66.5,0.798,1,0
30,4072.71,631,1,28.8,0.791,0,0
33,11235.36,617,0,76.6,0.876,1,0
34,4126.98,607,1,90.1,1.0,0,0
30,24740.36,673,0,66.9,0.654,2,0
36,8490.12,530,1,60.5,0.71,3,0
27,7276.59,752,1,42.9,0.86,1,0
23,4319.18,596,3,56.0,1.0,0,0
41,9415.9,707,2,88.0,0.903,0,0
41,4975.0,548,0,45.3,0.784,3,0
26,7051.57,703,1,13.7,0.982,0,0
43,23861.99,703,2,52.6,1.0,0,0
28,6323.13,680,2,55.8,0.836,1,0
37,11785.63,570,6,90.4,0.945,1,0
43,4667.65,669,1,55.5,0.916,0,0
34,6519.19,555,2,66.4,0.957,0,0
39,16081.11,629,4,88.9,0.854,2,0
29,4848.95,732,0,42.8,0.963,0,0
33,16419.49,713,0,49.9,0.984,0,0
32,9451.0,651,1,52.5,0.971,0,0
27,5007.87,572,3,33.1,0.738,1,1
33,9101.59,701,0,78.8,0.757,2,0
19,10788.94,651,0,24.5,0.831,0,0
30,9053.48,464,1,30.7,0.927,1,0
32,3025.67,712,0,69.4,0.956,0,0
32,4612.07,648,1,9.7,0.795,1,0
32,5861.97,746,2,45.4,0.932,0,0
34,6391.88,562,2,67.6,0.995,0,0
39,9048.34,395,2,73.7,0.967,0,0
43,7250.68,672,2,87.3,0.854,2,0
28,3402.71,673,0,6.1,0.863,2,0
22,8023.25,514,1,18.8,0.77,3,0
24,9002.82,571,0,65.5,1.0,0,0
30,8777.05,870,2,36.5,0.947,1,0
31,11388.85,625,2,46.7,0.739,3,0
27,10066.43,708,2,60.0,1.0,0,0
22,8346.44,597,1,41.1,0.966,0,0
30,6405.53,482,3,2.3,1.0,0,0
36,2891.47,636,2,70.6,0.844,1,0
40,8223.98,628,2,27.8,0.858,2,0
29,7360.21,618,3,17.6,0.819,1,0
30,7599.13,640,2,79.6,1.0,0,0
25,3503.88,671,0,42.0,0.85,0,0
34,3864.05,637,1,87.5,0.804,0,0
26,11232.61,548,1,72.2,0.835,1,0
40,6504.32,688,1,38.1,0.867,2,0
18,9327.76,494,0,76.6,1.0,0,0
31,6728.85,485,0,71.5,0.928,1,0
38,6733.69,709,0,13.2,1.0,0,0
36,10605.65,690,2,42.2,0.929,0,0
61,5125.47,645,5,82.5,0.882,1,0
38,6960.87,538,2,77.2,0.796,2,0
24,5265.14,593,1,79.3,1.0,0,0
34,5338.78,628,2,40.0,0.999,0,0
18,5684.02,522,1,58.4,1.0,0,0
34,7413.57,590,3,78.6,0.993,0,0
26,5221.95,702,0,36.8,0.829,0,0
44,12430.12,764,0,42.6,0.927,0,0
29,4241.6,616,0,58.5,1.0,0,0
33,6042.45,710,1,79.5,0.994,0,0
28,5324.82,496,2,85.8,0.916,1,0
52,13677.25,702,0,40.9,1.0,0,0
31,7319.35,585,1,53.1,0.953,0,0
53,11113.57,674,0,51.6,1.0,0,0
43,3156.5,630,0,51.3,0.92,1,0
39,7581.95,755,2,49.7,0.863,0,0
38,10350.76,580,1,25.9,0.997,0,0
38,6912.88,700,2,56.6,0.973,0,0
18,11302.06,627,2,73.7,0.935,0,0
32,5122.28,637,1,27.5,0.815,1,0
43,13422.31,635,1,15.2,1.0,0,0
34,20940.68,582,1,64.6,0.821,0,0
20,5533.53,648,1,74.6,0.978,0,0
34,5309.48,644,0,67.5,0.79,2,0
52,13721.13,669,3,38.1,0.815,2,0
47,14614.74,656,0,56.5,0.929,0,0
34,5108.03,713,2,21.0,0.958,1,0
44,5377.11,723,1,70.9,0.922,0,0
31,5762.39,565,5,21.4,0.847,0,0
18,3387.25,719,1,10.6,1.0,0,0
25,4190.91,555,2,16.6,0.914,0,0
50,4015.55,697,1,80.9,0.919,0,0
32,4519.25,699,1,87.8,0.884,1,0
32,6520.18,497,1,83.1,0.828,2,0
32,7458.48,657,1,87.0,1.0,0,0
54,14403.84,612,1,13.4,0.836,2,0
51,4027.19,589,0,75.0,1.0,0,0
57,10852.61,758,1,50.4,0.818,2,0
33,5961.07,597,1,41.2,0.932,1,1
37,6472.18,585,2,55.5,0.907,0,0
19,9296.65,656,0,76.0,0.889,1,0
49,3784.39,704,2,24.1,0.968,0,0
23,8032.13,638,2,93.1,0.979,0,0
37,7210.01,743,1,32.8,0.954,0,0
24,8486.45,692,1,71.7,0.794,2,0
29,7666.26,475,3,39.0,0.783,2,0
26,22644.0,607,3,88.0,0.777,1,0
28,4822.9,605,1,47.4,0.876,1,0
29,5087.29,688,2,26.5,1.0,0,0
29,4858.23,440,0,41.7,0.895,2,0
43,5025.41,853,3,27.6,1.0,0,0
23,4823.75,692,1,48.5,0.897,0,0
37,12022.18,661,2,70.1,0.916,1,0
47,13497.4,744,0,40.1,0.96,0,0
29,4987.18,837,1,14.6,0.871,0,0
27,4375.7,719,1,52.5,0.923,0,0
32,8397.65,725,2,44.5,0.73,3,0
46,5033.59,660,1,15.7,0.811,2,0
36,9103.97,638,1,52.7,0.732,2,0
29,7342.7,611,3,86.0,0.973,0,0
39,3109.22,583,2,52.6,0.764,2,0
23,14382.29,595,1,49.2,1.0,0,0
41,16284.01,541,3,67.5,0.936,0,0
39,4883.44,643,2,66.7,0.996,0,0
31,5465.16,515,0,39.4,0.835,1,0
26,7653.61,665,0,54.0,0.788,1,0
26,7841.84,647,1,29.4,0.865,1,0
40,9221.31,661,1,73.3,1.0,0,0
47,18125.99,608,1,56.2,1.0,0,0
28,6072.5,896,1,12.8,0.951,0,0
39,4450.85,758,1,79.8,0.768,1,0
18,3328.71,550,1,83.1,0.803,1,0
29,4603.33,668,3,52.8,0.751,0,0
34,6525.26,601,1,63.9,0.887,0,0
25,16273.27,568,2,43.1,0.872,1,0
25,5121.46,542,0,20.9,0.886,1,0
28,7419.7,684,0,76.2,0.793,1,0
37,6579.99,595,0,76.3,0.783,1,0
33,12018.43,727,3,32.3,0.909,2,0
18,23469.72,729,2,40.3,0.948,1,0
18,5087.62,759,1,71.9,0.782,1,0
28,5194.11,581,0,47.8,0.947,1,0
39,11182.22,688,0,49.4,0.995,0,0
18,9329.58,700,2,62.6,0.667,4,0
30,16703.17,612,2,69.0,1.0,0,0
29,8883.62,588,0,60.4,0.97,0,0
48,5543.35,778,2,88.7,0.996,0,0
31,8913.55,668,2,77.8,0.798,1,1
38,11548.97,700,1,62.2,0.979,0,0
36,9999.01,584,1,44.5,0.99,0,0
18,8549.58,552,2,90.3,0.835,0,0
42,11308.81,604,3,62.9,0.978,0,0
37,11904.21,640,3,74.3,0.886,2,0
40,13241.08,564,2,33.8,0.838,1,0
74,9176.08,649,2,70.4,0.88,1,0
18,6102.42,514,2,67.9,0.917,1,0
52,7139.21,560,2,55.9,0.87,0,0
32,12127.79,703,4,11.9,0.821,1,0
37,4409.57,698,0,57.4,0.939,1,0
34,7977.15,618,1,60.6,0.956,1,0
30,5449.78,568,1,21.9,0.915,0,0
29,6730.28,567,0,64.7,0.738,1,0
38,12571.98,620,1,82.8,0.842,0,0
19,7299.42,701,3,30.1,0.816,0,0
42,6790.08,724,2,77.5,1.0,0,1
30,3361.26,610,0,68.0,0.912,0,0
23,9634.7,557,3,79.1,0.872,0,0
30,9161.29,671,3,15.0,0.844,0,0
47,19567.54,584,1,56.7,0.888,1,0
29,5687.98,608,4,57.7,0.975,1,0
38,7402.52,756,1,75.5,0.717,1,0
27,7515.27,716,3,84.4,0.923,1,0
42,14599.27,662,2,37.4,0.85,0,0
41,6325.55,548,3,38.8,0.943,1,0
53,7627.46,666,1,71.0,0.98,0,0
33,8990.72,735,1,62.4,0.83,2,0
41,7283.05,619,0,50.5,0.763,0,0
35,5307.01,758,1,45.5,0.87,1,0
47,7310.34,753,4,69.5,1.0,0,0
27,11348.22,783,1,48.6,0.984,0,0
42,3970.88,674,2,39.8,0.862,0,0
33,7090.31,696,2,40.5,0.837,1,0
34,4674.79,763,1,29.8,0.844,1,0
35,12058.48,685,3,47.0,0.77,0,0
37,3097.67,609,1,42.0,0.978,0,0
33,5016.76,614,0,51.7,0.997,0,0
37,8011.28,669,5,26.2,0.861,0,0
50,14512.45,546,1,77.7,0.85,1,0
44,6419.69,638,1,24.5,0.83,0,0
43,5026.1,737,1,56.7,0.855,1,0
30,16993.37,474,1,75.3,0.826,1,0
26,3216.32,772,1,52.0,0.884,1,0
44,2209.67,739,0,35.9,0.979,0,0
43,8266.84,613,2,43.1,0.968,1,0
49,5161.45,693,2,25.3,0.816,1,0
28,3981.38,650,1,46.1,0.915,1,0
32,9453.86,748,3,43.3,0.965,0,0
18,7494.32,728,1,41.8,0.806,1,0
31,5003.84,537,0,45.8,0.914,0,0
44,3497.65,696,3,61.7,1.0,0,0
30,10262.26,633,3,23.0,0.876,1,0
41,9182.92,656,0,65.5,0.698,1,0
33,6313.29,591,1,10.3,0.648,0,0
38,16702.58,789,2,73.6,0.931,0,0
23,3885.31,733,1,33.2,0.911,1,0
35,3094.05,590,0,91.1,0.919,1,0
18,4694.03,543,0,58.7,0.949,0,0
33,6484.74,619,2,52.8,0.752,1,0
18,7492.59,684,3,51.2,0.819,0,0
47,5880.41,669,0,62.5,0.942,0,0
42,7911.14,750,0,43.5,0.974,0,0
39,3548.32,713,1,22.7,0.874,1,0
50,13655.29,727,3,53.7,0.757,1,0
25,6367.26,676,0,61.0,0.934,0,0
52,11598.7,538,5,21.7,0.905,1,0
44,7874.32,634,1,48.1,0.794,0,0
32,8336.32,734,1,65.2,0.702,1,0
46,8820.94,645,3,36.1,0.957,0,0
23,8298.7,690,1,27.9,0.838,1,0
26,9148.65,624,0,31.5,0.919,0,0
28,12894.76,567,1,46.3,0.915,1,0
29,7319.23,640,1,67.3,0.785,0,0
24,9456.92,674,1,66.2,0.942,1,0
47,6343.16,597,2,40.2,0.814,0,0
32,13630.41,631,1,87.0,0.75,2,0
38,4730.58,574,0,53.5,0.738,3,0
29,16325.28,739,2,40.1,0.9,0,0
18,6502.36,626,1,43.9,1.0,0,0
37,3244.16,766,2,20.0,0.904,1,0
18,7073.09,772,2,70.0,1.0,0,0
34,4719.58,643,1,70.4,1.0,0,0
21,10100.31,569,1,58.4,0.952,1,0
54,4787.14,483,0,49.0,1.0,0,0
44,5307.67,532,2,60.3,1.0,0,0
36,2579.19,540,1,86.6,1.0,0,0
47,5291.45,760,4,72.7,0.712,1,0
26,1974.48,659,1,10.0,0.876,0,0
40,3005.05,681,3,18.6,0.831,1,0
36,9703.16,472,1,46.3,1.0,0,0
37,9827.11,554,2,67.9,0.869,0,0
47,8206.89,720,2,58.1,1.0,0,0
42,4090.87,672,4,52.7,0.91,0,0
37,6477.85,638,1,33.1,0.897,1,0
18,6622.3,695,0,44.4,0.862,1,0
25,3717.54,780,3,51.6,0.882,0,0
33,14068.58,632,6,37.7,0.927,0,0
35,10287.46,655,1,4.4,0.893,0,0
23,5940.32,665,0,20.9,0.854,1,0
59,6724.03,841,1,32.0,0.859,0,0
50,7362.77,482,1,67.4,1.0,0,0
41,2390.2,704,0,57.0,1.0,0,0
35,5862.97,640,1,21.0,0.853,2,0
32,4717.38,695,1,69.9,0.985,0,0
25,4020.61,597,4,85.1,0.817,1,0
35,5764.36,646,4,53.9,0.867,1,0
37,16298.74,706,2,63.8,0.791,2,0
22,9140.05,899,0,91.5,1.0,0,0
38,4986.11,714,1,34.5,0.948,1,0
33,8833.37,582,1,67.0,0.968,0,0
18,13355.42,616,2,27.1,0.989,0,0
26,10533.51,613,0,37.4,0.813,1,0
30,6835.02,506,5,25.6,0.868,2,0
53,4800.77,623,2,86.0,0.945,0,0
40,9406.08,708,2,11.1,0.865,0,0
21,8076.73,548,1,30.5,0.907,1,0
39,10379.59,733,1,14.1,0.82,0,0
19,9114.17,689,0,8.4,1.0,0,0
45,11212.41,591,3,40.3,0.994,0,0
30,5076.53,638,4,66.2,1.0,0,0
34,12819.17,777,2,56.4,0.966,1,0
48,7323.18,708,1,42.9,0.791,2,0
22,18725.29,650,3,68.2,0.852,2,0
21,4700.42,630,1,80.0,0.83,1,0
29,15803.42,656,2,80.3,0.874,0,0
45,7324.32,609,1,66.8,1.0,0,0
19,4790.03,481,0,47.7,0.753,2,0
18,5208.55,813,0,18.8,0.842,0,0
30,5652.35,662,3,89.9,0.861,0,0
40,8201.59,681,2,69.1,0.769,1,0
47,8616.36,645,0,73.1,0.92,1,0
30,4979.82,591,3,52.3,0.866,0,0
30,6553.95,635,1,77.7,1.0,0,0
46,19363.31,522,1,15.6,0.872,1,0
18,15737.03,832,1,74.6,0.946,1,0
31,8251.6,551,1,62.2,0.911,2,0
36,6761.51,567,2,63.0,0.652,1,0
39,7044.59,614,0,68.3,0.756,2,0
29,9016.03,753,0,52.8,0.938,1,0
35,3978.28,651,1,74.6,0.934,0,0
18,5833.15,551,1,31.5,0.893,1,0
28,2880.47,750,1,41.3,1.0,0,0
39,8099.94,708,1,11.9,0.951,0,0
25,9169.13,693,3,38.5,1.0,0,0
35,5210.37,707,2,47.2,0.654,5,0
39,14573.99,841,2,86.1,1.0,0,0
31,3594.35,824,0,27.6,0.839,2,0
36,3190.12,595,0,23.6,0.902,1,0
25,7422.16,779,2,45.6,1.0,0,0
32,11198.66,680,0,15.5,0.689,0,0
41,15397.55,689,2,17.7,0.875,2,0
36,5274.07,514,3,74.2,1.0,0,0
29,11376.9,636,3,52.0,0.838,0,0
37,6507.73,584,1,79.9,0.991,0,0
42,6085.63,716,2,24.5,0.968,0,0
18,10319.91,735,1,48.3,0.917,1,0
46,9192.67,484,3,57.1,0.96,0,0
31,3016.35,648,2,52.0,1.0,0,0
39,13880.92,739,1,69.4,0.96,1,0
46,13227.4,635,2,37.9,0.993,0,0
21,4852.35,708,0,91.3,0.812,1,0
27,8086.1,678,1,65.9,0.958,0,0
32,8493.15,677,0,57.5,0.949,1,0
27,7557.81,628,0,26.6,1.0,0,0
52,5038.42,552,2,6.6,0.784,1,0
26,4741.88,560,3,63.3,1.0,0,0
29,6550.02,706,2,61.4,0.812,1,0
37,11924.67,651,2,26.2,1.0,0,0
22,8706.28,638,0,54.5,0.811,2,0
31,5512.06,616,1,67.8,0.783,1,0
38,9758.06,625,0,13.5,0.871,1,0
31,1596.75,733,1,48.7,1.0,0,0
34,11782.64,623,3,54.3,0.936,1,0
29,2779.82,542,1,29.6,1.0,0,0
19,5534.63,709,0,62.0,0.87,0,0
38,3790.17,633,1,60.9,0.851,0,0
52,3472.6,652,0,9.0,0.827,2,0
35,11853.91,778,0,25.8,0.847,1,0
37,5250.87,648,1,61.0,0.76,2,0
41,7889.22,673,0,43.1,0.835,0,0
22,6480.41,555,2,28.9,0.779,1,0
52,8421.31,632,0,45.1,0.972,0,0
37,6894.03,698,4,66.8,1.0,0,0
51,3492.96,525,1,22.0,0.922,0,0
27,10917.62,666,3,51.9,0.833,0,0
53,5182.91,658,0,51.6,0.974,0,0
42,3046.38,653,3,56.0,0.896,2,0
40,5355.84,732,1,50.9,1.0,0,0
37,14050.03,676,2,85.4,0.805,2,0
32,10148.8,768,3,48.9,0.812,2,0
47,5572.92,570,2,52.7,0.973,1,0
36,5571.23,660,0,68.7,0.898,2,0
18,5648.71,656,1,39.5,0.993,0,0
23,18739.22,564,2,73.9,0.814,3,0
33,8030.22,726,2,51.2,0.943,0,0
38,8225.72,835,1,39.7,0.955,0,0
34,11104.9,648,0,27.6,0.746,0,0
47,7475.56,690,2,65.4,0.9,0,0
18,5828.29,656,3,25.6,0.698,2,0
36,6013.88,592,5,58.0,1.0,0,0
18,6400.94,504,1,59.8,0.768,0,0
42,6511.92,593,1,28.3,0.881,1,0
34,9545.4,538,1,35.7,0.9,0,0
39,6808.81,786,1,59.8,0.804,2,0
26,9569.34,640,4,70.4,1.0,0,0
47,6371.83,622,1,74.5,0.831,0,0
45,6900.28,721,3,59.6,0.873,0,0
40,2442.8,560,0,86.0,0.831,0,0
33,10489.85,588,1,71.5,0.83,1,0
40,7889.15,655,1,39.9,0.889,0,0
27,10927.14,732,1,61.8,0.97,0,0
43,1559.11,690,1,43.6,0.916,0,0
51,18848.48,669,3,77.4,0.824,1,0
45,6187.0,656,0,58.0,0.899,2,0
27,11545.97,682,3,20.7,0.763,1,0
38,3944.38,666,2,72.0,1.0,0,0
22,9012.67,567,1,67.7,0.849,1,0
40,3917.83,653,3,30.5,0.855,0,0
39,4856.71,564,1,43.1,0.705,5,0
18,17275.0,656,2,34.9,0.849,1,0
23,6030.94,611,1,67.4,1.0,0,0
32,7396.16,853,0,58.1,0.961,0,0
31,10250.01,646,1,49.7,1.0,0,0
22,8500.17,537,1,46.9,0.912,0,0
38,7152.44,639,0,40.9,0.638,0,0
37,7962.36,691,1,56.8,0.907,1,0
33,22064.11,783,1,15.6,0.92,1,0
27,6445.84,602,3,16.0,0.99,0,0
45,7336.0,523,1,46.6,0.896,1,0
51,11218.59,715,1,16.1,0.823,2,0
30,11530.64,539,1,57.2,0.89,0,0
28,12010.24,615,1,91.4,0.866,1,0
39,9130.4,629,1,16.9,0.952,0,0
31,3746.2,644,3,64.3,0.89,1,0
33,15013.66,705,3,75.2,0.801,2,0
42,3739.95,595,1,62.8,0.957,0,0
18,7718.06,628,2,55.3,0.826,1,0
48,4549.91,648,2,69.0,0.868,1,0
35,6424.86,661,5,16.4,0.854,2,0
30,7819.54,657,2,60.9,0.924,0,0
34,7790.64,684,2,20.5,0.763,1,0
34,8192.39,717,2,39.7,0.903,1,0
18,14866.35,681,2,43.8,1.0,0,0
49,8322.91,686,4,33.7,0.91,0,0
35,5871.83,523,1,33.8,0.833,2,0
39,10743.36,654,1,46.6,0.863,0,0
44,12024.91,688,0,24.6,0.93,1,0
24,3591.04,708,6,32.1,0.956,0,0
39,8943.66,594,0,17.5,1.0,0,0
32,9419.96,597,3,51.2,0.737,1,0
43,5717.11,604,1,55.5,0.926,0,0
18,13198.43,692,1,19.3,0.919,0,0
34,6154.71,732,0,23.5,0.893,1,0
28,7064.15,617,1,46.5,0.936,0,0
39,6084.28,722,1,38.5,0.877,2,0
39,6686.12,659,1,93.2,0.8,1,0
27,3834.76,640,2,57.2,0.921,0,0
27,3229.15,633,3,69.3,0.965,0,0
33,14724.27,709,0,42.7,0.895,1,0
26,4343.86,676,2,55.4,1.0,0,0
43,4041.23,832,2,34.4,0.876,0,0
31,2260.42,581,2,3.6,0.946,1,0
18,4819.95,691,1,82.2,0.742,1,0
31,3423.62,607,1,91.4,1.0,0,0
24,15078.23,580,0,86.0,0.877,1,0
18,10991.84,649,3,74.7,0.851,1,0
22,4702.85,660,1,4.1,0.873,0,0
36,20459.81,883,1,64.0,0.805,2,0
48,10838.75,635,4,7.7,0.783,2,0
38,5639.69,559,2,59.2,0.904,1,0
28,1901.31,671,6,76.8,0.911,0,0
39,20857.55,484,1,66.6,0.922,2,0
30,3311.69,642,1,72.7,0.897,0,0
28,2914.05,651,2,25.1,0.892,1,0
23,11062.16,713,2,15.9,0.78,1,0
18,22468.65,727,1,10.2,0.851,1,0
31,13255.08,609,2,30.6,0.916,0,0
36,8795.14,637,3,23.1,0.846,0,0
34,8931.84,588,2,59.0,0.929,1,0
30,10165.02,559,0,61.4,0.886,0,0
25,9695.96,674,1,21.5,0.886,0,0
41,7635.74,548,1,26.5,0.921,0,0
21,6989.05,616,1,61.5,0.949,0,0
42,6429.83,570,0,18.5,0.971,0,0
24,4550.62,693,1,75.7,1.0,0,0
27,5765.59,794,2,24.0,0.986,1,0
20,2845.58,545,1,71.3,0.752,2,0
29,6315.93,501,1,69.6,0.792,1,0
44,4046.89,640,1,40.1,0.873,1,0
40,3820.76,651,2,56.0,0.824,1,0
44,7258.64,667,0,79.2,0.939,0,0
40,13306.41,614,0,63.6,0.95,0,0
23,10500.29,633,0,47.1,0.852,1,0
31,3025.25,679,2,65.4,1.0,0,0
27,4044.79,733,1,16.1,1.0,0,0
48,10618.85,493,2,55.9,0.719,1,0
23,4059.26,620,0,44.9,0.757,3,0
43,5929.43,667,1,17.7,1.0,0,0
43,8734.41,576,2,80.9,0.987,0,0
53,4088.07,788,3,64.7,0.95,0,0
30,6993.16,599,3,42.6,0.901,1,0
42,3404.96,646,2,63.6,0.89,0,0
57,4911.41,694,0,73.3,0.954,0,0
28,7784.51,602,1,9.0,0.918,0,0
19,2991.42,502,3,46.2,1.0,0,0
18,8268.74,615,2,85.6,0.832,1,0
42,6569.42,732,0,77.7,0.902,1,0
18,8745.07,623,2,26.7,0.989,0,0
31,7420.17,582,4,37.3,0.916,0,0
39,13122.32,724,3,62.0,0.967,0,0
36,7062.91,623,1,68.2,0.966,0,0
39,5352.38,609,3,91.5,0.858,1,0
37,7052.58,661,0,30.1,0.798,1,0
47,8704.97,711,3,63.3,0.825,0,0
25,6798.31,840,1,66.5,0.792,0,0
28,6770.27,716,1,37.6,0.714,1,0
27,4670.42,742,4,79.1,1.0,0,0
43,4762.6,609,2,46.5,0.711,2,0
44,3290.18,567,5,65.7,1.0,0,0
39,15911.36,654,3,82.8,0.847,0,0
46,3561.97,658,2,61.0,0.872,0,0
23,4691.69,563,0,69.0,0.749,3,0
51,4632.24,635,2,6.7,0.938,1,0
50,10378.19,681,2,27.0,0.874,0,0
42,5724.58,678,1,60.0,0.906,1,0
52,12380.41,690,3,46.9,0.821,1,0
18,4737.45,673,1,70.0,0.948,0,0
29,7627.36,609,0,29.4,0.818,2,0
27,4369.16,608,3,22.6,0.908,1,0
42,19391.2,554,4,11.2,0.946,1,0
24,3663.6,792,1,85.0,1.0,0,0
42,7745.83,651,1,78.7,0.981,0,0
48,9107.82,632,3,23.7,0.909,0,0
41,8159.18,575,0,52.8,0.899,0,0
37,6047.23,884,1,48.1,0.931,0,0
25,6217.29,564,5,30.0,0.977,0,0
26,6781.18,615,0,27.3,0.826,1,0
47,6164.11,683,2,34.3,0.99,0,0
42,10742.25,698,0,77.7,0.806,2,0
34,20035.51,726,1,82.1,0.946,0,0
30,5020.35,794,4,79.6,0.954,0,0
18,3344.59,690,4,52.6,0.833,0,0
24,6347.77,565,0,27.2,0.746,1,0
54,24097.29,629,7,51.8,0.874,0,0
22,4438.9,674,2,83.4,0.637,1,0
36,15056.4,815,2,72.4,0.882,0,0
45,15349.69,538,1,16.7,0.775,0,0
22,5030.15,746,3,50.0,1.0,0,0
36,8817.48,664,0,19.0,1.0,0,0
44,14975.91,717,1,68.0,0.907,0,0
35,5488.64,641,0,31.0,1.0,0,0
63,5992.18,582,1,34.7,0.971,0,0
18,4959.99,710,0,66.4,0.784,2,0
45,3994.29,702,0,5.5,0.837,1,0
33,4795.15,727,0,34.3,1.0,0,0
42,3597.63,648,3,22.6,0.804,0,0
39,6748.27,602,1,34.5,0.94,0,0
27,4514.34,525,2,61.1,0.967,0,0
37,7456.88,715,1,72.4,0.874,0,0
18,3047.42,683,1,83.5,0.915,1,1
41,7827.83,572,1,56.4,0.983,0,0
37,10064.45,606,1,66.0,0.978,0,0
41,2448.26,612,1,33.7,0.945,0,0
45,7998.65,531,5,5.0,0.899,2,0
38,12256.78,584,0,48.0,0.959,0,0
36,3623.44,559,1,53.0,0.698,1,0
26,15310.38,617,1,40.4,1.0,0,0
27,8180.51,590,2,54.8,0.887,0,0
46,4663.37,519,1,47.6,0.827,0,0
49,6451.81,811,1,35.6,0.96,0,0
32,8770.63,750,3,60.2,0.957,0,0
35,6891.22,587,1,68.4,0.802,1,0
25,8685.22,671,0,65.9,0.907,0,0
46,4186.68,683,1,54.9,0.904,1,0
41,7220.51,745,1,49.4,0.897,1,0
54,3271.95,584,3,19.3,1.0,0,0
26,6275.37,737,1,52.6,0.898,1,0
31,4221.92,606,2,69.2,0.887,1,0
37,4592.75,543,2,30.6,0.832,2,0
41,12308.52,707,0,70.1,0.818,0,0
32,11448.97,753,2,35.8,0.939,0,0
26,8996.3,857,0,92.4,0.853,1,0
43,3842.37,554,0,29.8,0.881,0,0
42,5663.49,705,1,28.0,0.92,0,0
25,12167.81,617,2,75.4,0.906,0,0
48,7121.39,712,3,36.8,0.913,0,0
46,21155.7,532,2,82.5,0.913,0,0
36,8076.06,548,1,60.5,0.962,0,0
35,7302.88,587,1,76.6,1.0,0,0
40,5684.18,656,2,33.0,1.0,0,0
26,7092.34,598,0,43.8,0.864,1,0
35,6147.28,702,2,52.1,1.0,0,0
18,9452.69,732,3,70.1,0.795,1,0
43,10703.77,697,2,10.1,0.843,0,0
19,4478.33,779,2,73.7,0.971,0,0
50,3409.71,683,0,52.5,0.968,0,0
31,2648.89,552,0,64.1,0.96,0,0
32,8552.64,759,2,41.6,0.841,2,0
28,3821.19,601,0,79.7,0.842,1,0
32,2260.98,722,5,17.8,0.913,0,0
49,8056.94,775,0,62.8,0.875,1,0
18,23074.88,686,0,84.1,0.989,0,0
47,6614.14,530,2,24.2,0.872,0,0
38,10089.45,576,2,9.4,0.869,1,0
22,6911.31,755,0,79.1,0.737,4,0
24,6314.19,636,1,72.7,0.988,0,0
51,10504.28,656,2,40.9,0.932,1,0
25,5737.98,710,2,50.4,0.671,0,0
23,7583.24,705,2,60.7,0.945,0,0
46,7791.97,672,1,74.8,0.86,0,0
38,4750.26,633,4,58.9,0.978,0,0
25,10894.59,624,4,26.7,0.889,0,0
37,6078.54,718,0,25.5,0.82,1,0
24,4546.57,694,1,78.1,1.0,0,0
46,8675.47,629,0,16.3,1.0,0,0
45,4233.42,736,1,70.6,0.881,2,0
40,6728.39,639,2,36.4,0.937,0,0
38,6604.06,581,3,7.2,0.854,2,0
52,11418.02,589,0,65.0,0.729,1,0
34,8411.45,571,1,52.9,1.0,0,0
23,6551.74,628,4,51.6,0.82,2,0
39,9985.44,748,2,35.8,1.0,0,0
55,13294.47,585,2,90.1,0.97,1,0
24,8768.36,665,4,50.1,0.929,1,0
31,6668.67,597,1,44.3,0.896,1,0
39,3442.94,629,2,37.1,0.97,2,0
34,3894.98,529,2,24.6,0.807,1,0
25,5695.25,632,3,62.2,1.0,0,0
46,4891.45,634,0,39.7,0.914,0,0
58,6042.14,693,1,2.4,1.0,0,0
36,6824.85,667,1,30.7,0.888,0,0
25,8645.95,554,2,75.4,0.914,1,0
19,6404.46,736,0,68.2,0.926,0,0
37,8461.24,666,2,30.5,0.958,1,0
46,6851.6,665,2,73.7,1.0,0,0
39,2470.72,649,1,79.8,0.856,0,0
34,4147.8,608,2,85.2,0.887,0,0
29,6173.1,667,2,76.1,0.898,0,0
24,3623.34,688,1,44.4,0.668,2,0
43,8954.97,510,2,62.3,0.845,1,0
44,14262.31,606,1,57.5,0.851,0,0
19,12202.31,629,2,81.9,1.0,0,0
50,5962.7,670,0,58.4,0.926,0,0
40,13979.72,745,0,18.3,0.949,1,0
48,7146.18,588,0,8.9,0.753,2,0
21,5605.24,610,0,71.8,0.894,0,0
21,4881.94,608,1,42.8,0.994,0,0
33,5703.1,585,3,54.1,1.0,0,0
40,5463.86,622,1,21.3,0.832,3,0
52,7224.32,711,2,9.6,0.718,1,0
42,7188.85,565,0,63.9,0.822,0,0
32,6644.36,684,1,81.5,0.823,0,0
24,8254.13,513,2,50.5,0.824,0,0
47,12031.98,605,0,63.6,0.991,0,0
25,10665.58,623,2,45.2,0.934,0,0
51,3157.55,783,2,73.2,0.787,2,0
32,1850.18,628,0,69.5,1.0,0,0
50,10584.65,473,1,73.1,1.0,0,0
41,3349.48,490,2,55.8,0.729,1,0
33,5929.04,652,3,32.2,1.0,0,0
29,3695.77,699,2,48.0,0.883,1,0
31,2694.61,680,1,67.8,0.806,3,0
39,8696.98,663,0,55.2,0.754,1,0
35,9697.06,742,0,35.2,0.855,0,0
29,4972.83,606,2,63.5,0.848,0,0
33,1816.16,721,1,36.3,0.915,1,0
35,5048.66,519,1,39.7,1.0,0,0
18,8069.95,577,1,71.1,0.849,1,0
39,3167.01,505,1,78.3,0.759,2,0
25,7271.22,628,1,25.5,0.867,1,0
23,6583.65,646,0,65.9,1.0,0,0
18,8863.05,659,3,34.1,0.875,1,0
18,7043.0,654,2,44.5,0.965,0,0
21,4078.42,575,2,10.0,0.917,0,0
27,12067.68,634,1,82.9,0.906,0,0
54,6128.68,530,0,84.9,1.0,0,0
29,6544.29,759,2,86.6,0.803,0,0
36,4160.4,625,2,70.3,0.796,1,0
39,5315.38,610,2,35.3,0.809,1,0
36,4262.45,777,3,48.7,0.935,0,0
34,6084.67,550,3,23.1,0.905,0,0
23,15612.92,559,1,74.3,0.971,0,0
49,3341.08,562,0,55.6,0.892,0,0
53,2960.81,644,0,53.0,0.88,0,0
18,13843.69,684,4,63.8,0.933,1,0
24,5974.99,709,2,34.9,1.0,0,0
32,4747.93,855,2,35.3,0.784,1,0
25,11158.45,470,2,29.6,0.808,1,0
40,4900.99,698,1,45.6,0.904,1,0
27,16531.2,605,0,40.3,1.0,0,0
56,9311.1,603,4,40.1,0.793,0,0
46,5198.08,600,3,65.0,0.899,0,0
37,19509.45,577,4,79.8,0.812,4,0
45,4900.75,784,2,75.5,0.94,0,0
46,9614.69,717,2,70.4,0.694,1,0
29,7705.17,651,1,45.4,0.796,1,0
26,12719.23,758,2,61.7,1.0,0,0
35,14483.36,528,1,34.3,0.901,0,0
43,6741.26,543,4,83.9,0.825,2,0
36,4551.86,475,2,45.7,0.895,0,0
19,8349.74,594,4,78.6,0.894,1,0
26,4727.46,662,1,60.9,0.956,0,0
34,18154.86,658,1,46.6,0.692,2,0
34,7102.97,661,0,60.7,0.796,1,0
54,5526.66,537,0,82.4,0.805,1,0
21,7276.03,714,0,34.2,0.963,0,0
40,3382.72,669,3,43.5,0.899,0,0
49,4081.39,708,2,22.5,1.0,0,0
57,12090.88,498,2,79.9,0.983,0,0
30,4776.93,674,2,31.2,0.865,0,0
39,3930.59,554,0,86.5,0.895,2,0
40,8676.09,618,0,85.0,1.0,0,0
36,12002.28,692,1,29.2,1.0,0,0
34,9504.08,657,1,32.8,0.89,1,0
39,10916.43,581,2,75.9,0.801,1,0
18,4544.18,650,1,54.1,0.69,0,0
41,3258.74,527,1,3.4,0.69,3,0
36,14054.06,742,0,46.8,0.947,2,0
32,5645.76,633,3,49.8,0.945,0,0
55,5852.26,739,2,70.0,0.832,2,0
28,12888.58,607,3,24.3,1.0,0,0
30,8761.44,608,2,94.1,0.879,2,0
54,8332.71,588,1,71.0,0.841,0,0
26,19584.65,720,1,94.7,1.0,0,0
29,4808.98,593,3,61.7,1.0,0,0
33,10550.41,701,3,3.7,0.895,2,0
43,6826.08,619,0,47.3,0.952,0,0
37,7587.79,491,2,57.7,0.964,0,0
22,14246.04,604,2,13.6,1.0,0,0
29,8551.98,555,0,12.7,0.887,1,0
28,8683.22,652,2,67.7,0.782,1,0
34,11341.84,554,3,19.4,0.963,0,0
39,5527.68,724,1,72.6,0.906,0,0
39,4360.73,642,2,50.7,0.911,1,0
18,3934.72,635,3,70.5,0.897,0,0
45,2482.0,702,2,53.0,0.741,0,0
37,18547.75,727,1,64.2,0.926,1,0
48,3821.49,648,1,21.1,0.864,0,0
39,5939.46,588,2,71.2,0.869,0,0
46,5776.73,508,3,93.3,0.86,0,0
39,7736.49,595,1,66.2,0.896,2,0
48,9975.31,600,2,13.4,0.926,0,0
40,10200.96,658,2,31.9,0.897,1,0
34,4956.53,622,2,75.7,1.0,0,0
57,6102.41,705,3,69.0,0.976,0,0
43,7641.05,600,2,79.5,0.893,1,0
40,5858.53,645,2,30.5,0.796,1,0
22,14819.11,744,1,23.7,0.958,0,0
22,8480.18,677,0,27.4,0.869,0,0
37,9580.06,645,0,40.3,0.883,1,0
36,9241.33,601,1,43.2,0.768,1,0
28,11929.11,599,5,85.7,0.941,0,0
36,7262.73,581,3,49.5,1.0,0,0
50,3468.87,606,4,57.8,0.849,0,0
41,8101.82,710,1,82.2,0.962,1,0
23,4790.17,632,1,58.9,1.0,0,0
33,5093.35,542,2,56.3,0.848,1,0
26,8894.44,791,0,15.6,0.657,3,0
31,12322.0,675,1,50.7,0.97,0,0
30,6705.18,537,1,83.8,0.908,1,0
30,7742.01,614,1,47.6,0.931,0,0
22,15538.99,658,1,30.9,0.905,0,0
33,7482.91,786,2,38.8,1.0,0,0
29,24363.5,561,3,61.9,0.89,0,0
18,8802.18,728,0,60.2,1.0,0,0
55,2750.72,761,1,56.7,0.97,0,0
45,9668.91,599,2,61.1,1.0,0,0
31,8027.1,627,1,77.8,0.901,0,0
35,12643.22,567,2,40.6,0.931,1,0
23,9289.04,633,1,80.1,0.731,3,0
51,6190.51,647,3,61.9,0.842,1,0
53,3596.98,702,3,53.4,1.0,0,0
36,5975.89,737,2,47.7,0.893,1,0
45,4336.14,590,0,20.7,0.788,1,0
36,4962.86,492,1,83.7,0.832,1,0
21,8904.3,648,3,34.7,0.831,4,0
30,15289.97,673,1,45.6,0.896,0,0
36,8081.52,669,1,54.2,0.817,1,0
30,3648.45,623,1,42.5,1.0,0,0
32,8285.82,659,2,62.5,0.921,1,0
34,12068.04,771,2,85.4,0.76,3,0
34,4890.79,680,3,95.4,1.0,0,0
35,6204.26,620,1,94.2,0.895,0,0
24,6683.15,609,2,43.8,0.951,1,0
27,4480.77,636,1,43.1,0.931,0,0
22,9174.11,780,2,99.5,0.942,1,0
44,6244.93,635,2,21.0,0.866,0,0
18,8182.61,648,2,37.7,0.933,1,0
46,4256.72,611,0,15.6,0.885,1,0
48,5330.88,737,1,16.7,0.936,0,0
31,9520.39,806,0,65.8,0.881,1,0
18,5505.94,686,1,27.8,0.871,1,0
31,15732.47,656,3,83.0,0.754,0,0
34,5432.65,652,2,31.7,0.899,1,0
24,7423.03,459,1,32.7,0.922,0,0
29,10575.5,709,2,76.5,1.0,0,0
50,3264.35,660,2,72.3,0.948,1,0
41,2750.66,684,2,21.5,0.828,0,0
25,3093.85,593,0,58.2,0.799,1,0
19,12472.63,619,1,68.7,0.927,0,0
31,5034.51,617,1,62.9,0.826,1,0
32,23839.51,731,1,38.1,0.843,2,0
39,5003.42,619,1,61.1,0.825,0,0
29,7275.56,816,0,70.7,0.867,0,0
40,14343.54,684,0,45.9,0.974,0,0
54,18088.77,547,1,50.1,0.701,3,0
43,18596.93,639,1,81.9,1.0,0,0
34,12139.05,597,0,30.1,0.88,1,0
33,11070.41,474,3,11.0,0.837,0,0
31,8921.89,777,2,26.9,0.989,0,0
46,9790.62,706,2,63.7,0.879,1,0
28,5036.2,692,1,45.0,0.795,3,0
35,4406.78,663,0,8.0,0.748,0,0
35,6623.06,539,2,47.7,0.97,0,0
29,6093.07,611,0,36.6,0.976,0,0
21,5289.01,717,1,18.0,0.859,1,0
38,9397.45,565,1,50.8,1.0,0,0
34,10696.29,447,2,83.7,0.904,2,0
40,6934.08,631,1,58.0,1.0,0,0
29,13887.79,638,0,27.3,0.804,0,0
47,3748.67,660,2,36.7,0.792,1,0
26,6021.97,708,0,27.1,0.849,1,0
52,4635.91,701,2,66.4,0.86,1,0
18,2609.02,670,2,87.3,1.0,0,0
39,6365.57,745,0,47.6,0.929,0,0
39,6242.44,528,2,62.5,0.824,1,0
27,14139.46,690,1,65.0,0.901,0,0
39,9094.32,700,1,80.2,0.857,2,0
47,3975.5,550,0,60.9,0.82,2,0
18,16764.96,529,4,81.7,0.892,0,0
40,12216.18,590,2,18.1,0.881,0,0
18,8875.49,597,3,70.4,0.823,2,0
25,5923.95,710,2,70.6,0.822,0,0
51,4106.31,600,3,37.1,0.981,0,0
29,5507.67,581,2,39.6,0.942,0,0
23,11434.32,601,0,74.8,0.994,0,0
33,17022.53,739,2,76.2,0.872,1,0
55,14351.67,651,1,45.2,0.791,1,0
18,5195.64,635,1,23.2,0.843,3,0
24,3790.27,641,3,66.0,1.0,0,0
49,7118.43,753,0,28.9,0.74,1,0
53,2740.18,590,3,69.4,1.0,0,0
33,7797.7,755,2,29.2,0.789,2,1
22,6162.26,666,1,69.5,0.978,0,0
55,5255.24,637,2,25.6,0.798,0,0
50,2988.86,850,2,58.7,0.84,2,1
41,8576.66,565,2,54.3,0.694,1,0
26,5082.96,621,0,18.1,1.0,0,0
34,3696.13,551,1,42.3,0.957,0,0
33,1577.93,726,0,68.1,0.963,0,0
38,6543.6,785,1,47.5,0.851,1,0
49,16092.78,783,3,11.4,0.807,1,0
43,15224.02,747,1,83.2,0.978,0,0
24,5278.79,634,3,43.2,0.78,1,0
48,4909.34,620,0,21.4,0.883,1,0
38,8386.57,516,1,88.9,0.775,1,0
41,4027.12,812,1,19.9,0.912,0,0
49,7714.8,687,4,60.2,0.708,0,0
23,9730.69,610,4,53.0,0.752,1,0
34,12252.27,756,1,35.5,0.814,3,0
29,6310.2,572,1,23.3,0.961,0,0
19,5991.9,682,3,76.1,0.847,1,0
38,4277.01,636,1,42.2,0.998,0,0
60,4387.7,701,1,61.0,1.0,0,0
18,5923.96,644,2,5.7,0.869,2,0
34,7971.94,533,1,68.2,0.752,1,0
41,10475.48,656,2,77.2,0.997,0,0
36,4440.0,733,0,66.0,0.746,0,0
33,13993.44,647,1,26.1,0.81,0,0
22,5793.19,712,1,44.9,0.73,1,0
37,6563.74,566,0,56.7,0.996,0,0
27,4566.01,647,1,41.3,0.957,1,0
18,1974.12,600,1,38.9,1.0,0,0
46,10321.9,709,0,78.0,0.856,1,0
44,9589.48,652,3,35.0,0.818,0,0
35,5763.71,705,2,79.3,0.848,2,0
37,6860.22,737,2,39.7,0.767,2,0
45,8586.7,705,2,55.7,1.0,0,0
37,3037.31,671,1,80.0,1.0,0,0
44,5092.24,570,2,25.1,0.828,1,0
32,9868.79,649,2,32.7,0.959,0,0
48,3543.45,607,3,39.2,0.884,0,0
38,7683.1,622,1,45.5,0.944,0,0
36,3366.77,620,3,85.6,1.0,0,0
22,8376.75,571,1,14.1,0.786,3,0
37,6517.06,493,2,45.3,0.852,1,0
26,2958.49,596,1,40.8,1.0,0,0
28,11877.13,665,0,67.0,0.951,3,0
26,4594.91,542,2,41.7,0.933,0,0
24,4424.33,651,2,24.7,0.951,0,0
56,7334.06,802,0,48.6,0.961,1,0
48,11781.89,731,3,27.6,1.0,0,0
54,3992.17,781,0,75.2,0.975,0,0
22,6842.03,681,0,87.7,0.895,1,0
35,8220.68,743,2,64.2,0.935,0,0
22,9382.04,592,4,19.8,0.893,0,0
28,7246.12,598,1,23.3,0.825,1,0
25,5521.95,430,3,45.7,0.895,1,0
47,4386.14,744,3,81.5,0.889,3,0
31,6926.24,773,2,21.8,0.73,1,0
45,3881.32,605,1,17.3,0.977,0,0
41,1539.67,629,3,66.9,0.994,0,0
58,8252.57,589,4,82.8,0.954,0,0
20,10425.06,680,2,70.3,0.988,0,0
47,2035.58,739,2,49.2,0.882,1,0
46,4004.34,510,3,30.2,0.849,0,0
25,9041.47,682,0,59.1,0.995,0,0
45,18559.7,627,1,40.4,0.794,1,0
38,6703.58,659,1,42.6,0.791,0,0
32,4610.07,686,1,21.8,0.945,0,0
26,6054.47,634,2,59.6,0.942,0,0
27,13192.95,641,4,63.1,0.993,1,0
55,4803.11,632,2,33.7,0.729,3,0
35,4448.86,727,2,68.3,0.89,1,0
42,5211.53,683,0,70.4,0.787,3,0
27,4118.88,667,4,66.4,0.986,0,0
27,7053.89,548,2,40.0,1.0,0,0
45,14948.1,619,1,29.7,0.95,0,0
21,7797.35,721,0,61.7,0.844,1,0
30,5847.81,653,2,91.7,0.825,2,0
35,5733.57,702,4,46.7,0.859,1,0
36,3036.33,791,0,55.8,0.816,0,0
33,10317.07,733,0,79.6,0.884,0,0
38,6381.01,657,2,47.2,0.825,1,0
41,6061.79,609,0,94.8,0.762,1,0
42,32746.58,445,1,34.0,0.938,0,0
25,7703.09,636,2,93.5,0.946,0,0
32,4555.56,623,1,81.1,1.0,0,0
46,5360.55,681,1,70.0,0.857,1,0
43,11780.76,637,0,23.9,0.711,3,0
21,7020.82,624,0,68.7,0.982,0,0
38,3232.01,507,0,48.9,0.993,0,0
18,10505.08,574,0,46.5,1.0,0,0
35,4750.13,688,2,39.4,1.0,0,0
53,16926.72,787,5,39.5,1.0,0,0
25,11384.68,642,2,52.1,0.802,0,0
26,5304.65,676,1,59.1,1.0,0,0
42,12588.11,726,4,8.7,0.867,0,0
19,6863.19,585,0,76.8,0.98,1,0
28,10161.76,679,1,41.1,0.926,0,0
40,8453.76,590,0,32.9,0.803,2,0
28,4345.18,719,2,77.6,1.0,0,0
32,4808.91,662,0,48.6,0.854,0,0
42,11103.11,673,0,39.6,1.0,0,0
39,5611.72,587,4,59.2,0.824,4,0
37,5421.76,706,3,38.4,0.8,1,0
31,4115.18,816,2,7.0,0.834,2,0
38,8199.26,569,3,24.8,1.0,0,0
33,18606.43,622,1,80.7,0.743,2,0
39,3890.27,668,1,18.2,0.991,0,0
30,6715.07,712,0,67.8,1.0,0,0
33,13441.61,605,0,65.0,0.883,0,0
25,6375.25,423,1,75.3,0.861,3,0
34,8318.07,758,1,47.1,0.908,2,0
26,3900.28,710,0,22.1,0.788,2,0
23,8218.59,510,1,42.8,1.0,0,0
37,6041.62,601,2,45.4,0.967,0,0
37,10860.25,775,0,84.2,0.778,4,0
42,12012.38,765,2,71.5,0.819,0,0
30,24216.31,725,1,30.3,0.918,1,0
39,8864.56,635,2,67.3,0.771,1,0
40,7807.95,656,1,11.9,0.75,1,0
39,7311.42,639,2,54.5,0.929,1,0
26,5560.35,740,0,48.1,1.0,0,0
36,7857.64,579,1,26.8,0.992,0,0
38,5723.29,585,1,14.4,0.894,2,0
35,7217.26,730,4,23.3,0.873,1,0
18,12820.47,646,1,24.7,0.905,1,0
36,4010.73,760,2,41.6,0.999,0,0
57,11730.4,596,1,85.5,0.774,0,0
31,12817.38,645,1,48.9,0.822,0,0
27,6253.93,576,1,57.5,0.862,1,0
38,2296.34,650,3,60.1,0.876,0,0
38,4895.58,531,1,38.1,0.895,0,0
46,12689.08,610,1,25.0,0.898,1,0
22,6558.82,535,0,30.1,0.967,0,0
42,4025.28,705,1,44.4,0.724,2,0
40,5154.43,707,1,82.6,0.74,0,0
33,10100.2,511,2,39.5,0.833,0,0
38,8719.93,756,2,42.5,0.986,0,0
45,5887.19,849,1,40.3,0.835,2,0
43,5522.51,653,3,66.2,0.896,0,0
23,5454.09,598,0,54.0,0.913,0,0
43,4183.05,875,0,52.9,0.932,1,0
34,14878.73,544,1,19.6,1.0,0,0
35,5646.77,651,3,57.6,0.969,0,0
35,12192.54,664,1,37.1,1.0,0,0
33,14195.18,757,4,36.2,0.887,1,0
46,10928.79,678,0,60.9,1.0,0,0
34,5346.46,610,1,72.8,0.907,1,0
23,8118.21,573,2,67.4,0.704,2,0
31,6554.47,622,0,66.2,1.0,0,0
36,4222.36,569,0,60.9,0.905,0,0
47,7802.35,653,0,59.3,0.953,0,0
41,3679.31,604,0,19.2,0.793,0,0
26,12014.14,530,0,51.8,1.0,0,0
59,5258.97,750,1,45.6,0.821,1,0
37,7336.23,610,2,46.2,0.861,0,0
47,7643.75,548,3,93.0,0.747,3,0
33,5828.69,636,3,21.2,0.936,0,1
40,8895.91,655,3,74.1,0.872,2,0
43,5232.0,510,2,85.1,0.746,2,0
47,10256.31,676,1,43.6,0.893,0,0
45,3384.66,566,2,86.5,0.909,0,0
43,7066.99,786,1,53.9,0.875,1,0
31,17491.4,691,1,39.2,0.718,1,0
29,4023.21,618,1,82.0,0.929,0,0
38,4727.39,590,2,23.3,0.773,1,0
44,8577.98,641,1,17.4,0.989,0,0
32,7257.5,699,0,29.4,0.844,0,0
45,7905.51,647,0,66.1,0.993,0,0
49,8472.61,632,2,48.0,0.901,0,0
25,9112.12,654,0,42.4,0.907,1,0
26,11554.73,601,1,63.3,1.0,0,0
33,8142.96,622,1,24.8,0.818,1,0
38,5880.35,483,2,56.7,0.79,1,0
29,9286.22,727,3,27.4,0.956,0,0
48,17153.22,673,1,49.2,0.769,1,0
39,6208.55,588,1,31.3,0.82,1,0
35,4075.45,801,0,42.6,0.742,0,0
20,11539.61,656,4,58.4,1.0,0,0
21,6246.71,567,0,82.9,0.8,1,0
37,2238.73,718,2,52.8,0.835,0,0
18,10134.6,681,0,7.4,0.771,1,0
45,5076.29,681,0,40.8,0.861,0,0
33,6340.63,615,4,66.6,0.886,0,0
67,7832.13,686,4,37.1,0.983,0,0
58,7297.23,629,4,27.0,0.768,4,0
33,9459.04,694,1,57.0,0.84,1,0
33,5336.13,497,3,35.5,1.0,0,0
44,8574.54,615,3,64.4,1.0,0,0
52,5826.82,787,0,9.0,0.832,1,0
18,9598.91,588,0,78.9,0.895,2,0
18,9024.37,601,3,68.8,1.0,0,0
28,4155.88,614,1,13.1,0.781,2,0
40,11418.51,552,4,25.7,0.708,4,0
39,5074.68,473,2,42.2,0.846,0,0
45,9937.08,631,0,76.4,0.892,1,0
23,7971.63,660,0,38.4,0.82,2,0
18,16632.13,645,1,58.3,0.998,0,0
43,5932.89,638,1,66.4,0.921,2,0
26,5571.07,653,1,56.4,0.84,0,0
18,6570.14,731,1,39.6,0.846,1,0
36,5701.08,634,0,25.7,0.825,3,0
42,9896.84,604,1,63.0,0.983,0,0
33,2956.75,627,1,83.2,0.853,1,0
30,3917.3,696,2,60.7,0.781,0,0
33,3889.74,762,0,43.6,0.996,0,0
31,10669.6,599,3,65.8,0.872,2,0
21,15604.38,657,3,53.9,0.764,1,0
27,6296.66,677,0,65.9,1.0,0,0
40,6097.23,570,2,53.7,0.961,0,0
38,6870.73,651,5,54.0,0.905,1,0
36,11860.15,532,2,46.2,0.879,1,0
25,4172.72,508,0,58.4,0.872,0,0
33,7473.99,679,3,31.1,0.87,0,0
18,10803.21,619,0,62.1,0.873,1,0
36,8523.2,666,1,43.4,0.841,2,0
49,7293.88,648,2,42.0,0.89,0,0
20,10943.74,571,0,94.8,0.839,0,0
29,1717.09,646,1,9.5,0.922,1,0
38,9310.87,551,2,60.2,0.898,1,0
47,4783.66,761,1,13.9,0.83,3,0
30,2656.28,541,0,48.0,0.891,0,0
28,8566.39,634,1,67.6,0.954,0,0
18,13184.92,566,3,23.0,0.674,2,0
36,6193.62,695,3,13.1,0.958,1,0
55,10683.3,623,0,63.0,0.777,1,0
37,14855.7,608,5,26.1,0.854,0,0
34,12803.29,718,4,22.5,0.617,2,0
38,15062.78,652,2,38.8,0.957,1,0
34,9614.85,691,0,92.8,0.826,1,0
26,6889.25,571,1,46.7,0.85,0,0
43,2978.03,537,0,40.8,0.909,0,0
37,5866.24,658,1,36.8,0.703,1,0
35,4351.94,624,1,23.4,0.906,0,0
25,19642.9,700,3,36.4,0.965,0,0
48,6075.73,643,1,77.1,0.917,1,0
41,7055.78,666,0,25.0,0.861,1,0
29,8740.67,520,1,27.0,0.904,1,0
45,6780.47,801,2,26.7,0.892,2,0
30,15483.43,636,0,17.3,0.976,0,0
27,4859.42,705,2,82.3,1.0,0,0
27,7312.23,583,0,69.3,0.859,0,0
18,4576.84,674,1,43.7,0.923,0,0
39,3428.88,545,1,78.3,0.833,0,0
18,4885.93,686,3,31.4,0.942,0,0
22,6512.52,621,1,40.5,0.946,0,0
18,5352.66,652,1,67.3,0.883,0,0
34,4692.82,705,2,46.1,0.952,0,0
33,3284.08,551,4,66.5,0.9,0,0
31,6364.22,595,2,74.3,0.895,1,0
24,3126.41,686,1,16.6,0.812,1,0
23,9701.42,817,1,80.9,0.917,0,0
39,6913.42,638,0,49.3,0.842,0,0
29,3201.02,697,2,33.8,0.987,0,0
38,5683.91,641,2,43.9,0.816,0,0
26,4554.73,805,2,61.1,0.927,0,0
36,7782.14,510,1,32.8,0.874,1,0
48,12967.81,657,2,67.0,0.927,0,0
40,2597.78,519,2,38.8,0.894,0,0
30,7026.99,449,2,89.4,0.818,2,0
37,6123.77,673,1,30.2,1.0,0,1
32,9280.49,661,3,49.9,0.811,0,0
35,7380.51,627,3,82.1,0.964,0,0
31,4555.16,641,1,69.8,0.73,2,0
33,5656.0,897,3,41.6,0.871,1,0
37,4455.91,629,2,82.1,1.0,0,0
25,11361.7,690,4,15.8,0.872,0,0
24,6705.32,598,2,59.2,0.91,0,0
21,17164.44,673,3,42.1,1.0,0,0
18,6436.05,630,1,41.3,0.886,1,0
22,4655.46,617,3,36.2,0.926,1,0
36,3112.38,795,1,47.6,0.96,0,0
26,2693.05,744,3,19.1,0.762,0,0
40,3004.7,660,0,56.0,0.851,0,0
35,7582.24,465,0,39.3,0.913,0,0
18,8555.78,621,1,53.2,0.74,1,0
41,3009.13,866,2,46.9,1.0,0,0
43,10378.79,631,1,35.9,0.976,1,0
25,5210.7,738,0,20.5,0.961,0,0
39,7139.49,765,2,60.6,1.0,0,0
26,14855.28,667,0,47.1,0.972,0,0
35,10388.14,582,3,67.5,0.877,0,0
22,5800.7,455,2,32.8,0.737,1,0
18,4248.85,704,2,27.6,0.832,2,0
31,2262.2,584,1,17.2,0.835,0,0
33,4630.51,664,0,45.6,0.962,2,0
31,5969.6,550,0,83.2,0.908,0,0
23,4049.75,628,1,15.6,0.743,2,0
31,6212.83,652,2,25.1,0.987,0,0
37,6894.13,671,4,41.8,1.0,0,0
34,5928.77,560,3,42.8,1.0,0,0
36,4793.42,745,3,53.8,0.787,1,0
28,7217.96,602,2,57.0,0.932,0,0
46,8274.8,516,1,86.2,0.799,3,0
23,3846.04,641,0,30.9,1.0,0,0
39,13432.95,652,2,84.7,0.903,0,0
46,6315.14,662,0,78.6,0.863,0,0
39,6697.07,758,4,48.4,0.845,0,0
32,9453.19,631,2,76.5,0.933,0,0
29,7454.76,640,0,26.6,0.952,0,0
45,10684.7,561,0,18.4,0.735,2,0
20,7658.43,715,1,19.2,1.0,0,0
25,4884.3,664,1,44.3,0.947,1,0
31,7948.61,616,2,6.1,1.0,0,0
47,3744.85,497,0,19.9,1.0,0,0
38,7004.3,765,0,12.9,0.89,1,0
25,6524.93,551,1,86.0,0.986,0,0
31,5978.6,602,2,32.5,0.842,1,0
28,6221.28,678,1,75.5,0.853,1,0
27,2589.13,554,3,35.1,1.0,0,0
44,5042.4,530,1,43.0,0.826,0,0
21,6949.48,480,1,12.3,0.92,1,0
51,7186.27,707,3,32.0,0.809,0,0
43,3968.58,606,2,51.8,0.834,1,0
45,12492.13,884,2,13.1,0.849,0,0
30,4302.33,570,1,32.2,1.0,0,0
33,10772.25,576,3,50.1,0.951,0,0
20,8214.02,604,2,27.3,0.984,0,0
29,4802.47,669,2,85.0,0.719,3,0
39,16117.41,612,2,43.6,0.903,2,1
47,3652.55,698,1,59.6,0.862,1,0
23,10504.69,571,2,41.7,0.949,0,0
31,10941.2,539,1,63.6,1.0,0,0
33,4744.26,506,0,33.2,0.661,2,0
21,13309.49,472,2,15.7,0.94,0,0
40,5854.56,608,1,21.4,1.0,0,0
27,7664.44,625,4,58.2,0.849,0,0
33,7556.48,599,2,44.2,0.915,0,0
30,6203.36,749,1,26.1,0.968,0,0
27,9950.76,748,0,26.2,0.684,3,0
34,9864.96,623,0,37.0,0.927,0,0
32,2767.6,506,2,56.2,0.821,1,0
31,12735.77,604,1,65.9,1.0,0,0
27,2889.26,602,1,65.7,0.879,1,0
38,11117.47,597,2,76.8,0.829,2,0
51,11653.39,594,0,11.1,0.985,0,0
36,3844.95,597,4,58.4,0.949,0,0
44,5402.37,619,1,40.1,0.99,0,0
21,3816.72,599,0,57.9,1.0,0,0
36,5958.29,666,2,38.2,0.841,0,0
24,5687.25,678,0,13.8,1.0,0,0
20,9796.99,577,0,31.9,1.0,0,0
27,12773.84,751,0,38.5,0.823,1,0
46,13330.93,571,0,44.3,0.833,1,0
44,5008.62,520,4,52.7,0.905,0,0
37,5975.3,680,2,21.7,0.88,1,0
19,2859.15,584,4,49.8,1.0,0,0
33,4434.03,675,1,64.4,0.814,2,0
38,10747.47,457,2,57.6,0.924,0,0
36,14880.27,761,1,6.2,0.823,1,0
18,3578.95,703,0,49.2,0.911,1,0
26,4933.32,529,1,31.5,1.0,0,0
34,6547.23,531,2,30.7,1.0,0,0
40,7631.81,783,2,74.5,0.938,1,0
18,4425.76,591,2,64.2,0.963,0,0
33,8201.16,583,1,32.9,0.947,0,0
36,5234.78,468,1,38.1,0.87,0,0
43,6586.48,621,2,24.6,1.0,0,0
41,8717.97,631,0,13.0,1.0,0,0
40,6655.58,707,0,67.3,0.923,1,0
27,5333.74,538,1,79.7,0.878,3,0
18,6280.44,528,2,84.3,0.885,2,0
31,6347.51,686,3,93.5,0.934,1,0
45,5513.72,730,2,65.7,0.896,0,0
48,5829.01,524,1,36.2,1.0,0,0
42,14754.8,736,2,53.2,0.948,0,0
39,8782.0,653,1,51.6,0.805,2,0
38,5723.07,737,3,68.2,0.785,1,0
29,9400.12,644,1,45.9,0.999,0,0
33,5614.4,448,0,47.5,0.784,0,0
51,11927.03,637,1,61.6,0.865,1,0
25,7981.02,734,0,24.6,0.856,0,1
51,6287.69,578,3,67.1,0.776,1,0
31,8298.74,618,1,59.6,0.931,1,0
48,3024.68,635,2,8.3,0.888,1,0
20,3776.74,418,1,64.4,0.836,0,0
40,3652.03,783,4,88.0,1.0,0,0
27,7125.76,577,0,24.5,0.657,0,0
20,15776.2,690,0,69.3,0.814,1,0
37,20244.74,643,2,49.8,0.842,3,0
45,9127.3,750,1,28.7,0.764,2,0
26,8522.14,682,2,74.7,1.0,0,0
20,2695.86,631,1,44.8,1.0,0,0
34,5057.68,578,1,61.2,0.832,3,0
34,4474.31,713,0,18.4,1.0,0,0
40,4863.8,500,2,53.7,0.96,0,0
44,6099.29,701,1,42.6,1.0,0,0
34,5239.36,562,0,24.3,0.889,1,0
53,2465.99,750,2,36.4,0.943,1,0
37,9642.69,662,2,56.8,1.0,0,0
31,3880.15,701,1,46.8,1.0,0,0
18,7477.27,656,1,41.4,0.915,0,0
32,18714.26,509,2,27.8,0.806,1,0
31,4189.38,581,1,11.8,0.824,0,0
44,1872.18,703,1,65.7,0.715,2,0
39,5750.25,663,2,48.7,0.979,0,0
23,11504.34,744,0,49.1,0.921,1,0
36,17662.05,682,3,62.3,0.929,0,0
41,3587.55,572,2,32.4,0.897,0,0
50,8504.49,586,1,37.7,0.786,1,0
43,5257.15,658,3,23.1,0.931,0,0
42,6291.95,464,5,54.9,0.961,0,0
35,24888.76,783,1,6.1,0.813,1,0
38,3129.14,685,1,20.3,0.897,1,0
47,7531.65,748,2,27.0,0.835,3,0
21,8382.04,523,2,33.0,0.878,1,0
31,11417.39,749,0,16.8,0.786,0,0
27,6967.36,828,0,37.9,0.873,2,0
38,7738.98,544,4,9.9,1.0,0,0
47,5454.39,711,1,42.2,0.85,1,0
29,7589.82,650,0,52.5,0.832,1,0
18,5588.15,526,0,35.3,0.838,0,0
30,9052.41,689,2,57.7,0.881,2,0
44,5514.82,716,2,39.8,1.0,0,0
40,8010.83,601,3,71.9,1.0,0,0
39,6537.88,743,1,54.7,0.886,0,0
32,11649.58,516,2,22.2,0.836,2,0
22,6465.94,530,2,56.8,0.724,2,0
40,2733.9,660,2,35.4,0.809,1,0
26,12468.5,652,0,50.3,0.703,2,0
56,4218.07,592,1,46.1,0.974,0,0
40,4784.4,714,2,47.6,1.0,0,0
29,4925.44,692,0,35.3,0.862,1,0
28,13190.06,718,0,49.1,0.938,0,0
34,2280.53,640,3,76.1,0.791,0,0
32,31852.6,698,2,66.3,0.706,2,0
46,11248.93,614,2,59.0,0.906,0,0
36,7417.66,814,1,27.1,0.938,0,0
27,6454.63,584,1,23.9,1.0,0,0
53,7652.42,818,0,27.0,1.0,0,0
35,8608.98,652,3,29.8,0.872,0,0
42,9160.06,539,1,69.8,0.991,0,0
28,8758.7,759,0,57.7,0.932,0,0
38,6938.15,660,3,80.2,0.9,0,0
38,6010.91,718,1,65.3,0.896,3,0
18,6150.96,747,2,33.3,0.886,0,0
55,6018.21,677,1,33.6,0.89,1,0
47,11694.63,602,0,21.1,1.0,0,0
31,8926.49,728,2,26.8,0.921,0,0
23,1525.09,650,0,98.9,1.0,0,0
38,9209.13,704,1,71.6,0.81,1,0
35,7312.7,477,1,57.8,0.617,4,0
38,6572.47,685,1,59.4,0.854,4,0
36,5462.93,598,1,88.3,0.816,1,0
40,11638.3,782,1,76.0,0.751,1,0
49,10654.77,699,0,13.2,1.0,0,0
40,4507.78,669,5,30.1,0.766,2,0
24,8131.71,688,0,62.1,0.958,0,0
48,4081.3,570,0,53.4,1.0,0,0
51,3328.21,779,3,54.1,0.785,1,0
66,4849.55,809,1,18.2,0.877,0,0
23,10210.75,681,3,43.8,1.0,0,0
37,10684.64,777,2,65.8,0.858,1,0
18,8574.45,604,2,31.7,0.933,0,0
40,9533.32,586,1,16.3,0.964,0,0
29,8587.73,653,2,72.0,0.917,0,0
54,4813.88,684,0,15.7,0.855,0,0
27,8233.46,618,1,68.1,0.822,1,0
18,9899.16,693,0,52.3,0.791,1,0
30,9673.5,674,1,48.3,0.96,0,0
18,12021.56,570,0,70.9,0.834,0,0
42,9453.61,691,1,42.3,1.0,0,0
18,7908.74,719,1,74.5,1.0,0,0
35,11328.48,663,3,40.3,0.784,2,0
18,6546.85,742,0,56.3,0.974,0,0
31,4268.69,552,0,34.8,1.0,0,0
51,6114.79,687,2,56.5,0.814,2,0
38,4571.28,556,1,71.6,1.0,0,0
